expression,reading,meaning,tags,guid
作法,さほう,예절,JLPT JLPT_2 JLPT_3,HYeQ[!t+v+
様々,さまざま,"다양한, 여러 가지",JLPT JLPT_2 JLPT_3,l>?/o{CjV<
冷ます,さます,"식히다, 식히게 하다",JLPT JLPT_2 JLPT_3,m(o0n4^}Z$
覚ます,さます,깨우다,JLPT JLPT_2 JLPT_3,t9@aJ[u<UZ
冷める,さめる,식다,JLPT JLPT_2 JLPT_3,LR.A;82:W|
覚める,さめる,깨어나다,JLPT JLPT_2 JLPT_3,Dob+O4(+<L
左右,さゆう,좌우,JLPT JLPT_2 JLPT_3,d8br}6f4&T
皿,さら,"그릇, 접시",JLPT Genki_Ln.14 JLPT_3 JLPT_2 Genki,p*f@mDk_ih
更に,さらに,"더구나, 더군다나",JLPT JLPT_2 JLPT_3,n=YLy+|9V>
去る,さる,물러가다,JLPT JLPT_2 JLPT_3,q:@^dVE|Ux
猿,さる,원숭이,JLPT JLPT_3 JLPT_2 Genki_Ln.22 Genki,I;FmV}C|Mm
騒ぎ,さわぎ,소란,JLPT JLPT_2 JLPT_3,"b-,^J/-<a("
参加,さんか,참가,JLPT JLPT_2 JLPT_3,NJ??D?6U!^
参考,さんこう,참고,JLPT JLPT_2 JLPT_3,Han8<B?^r0
賛成,さんせい,찬성,JLPT JLPT_2 JLPT_3,"emfZ/!E,?["
酸性,さんせい,산성,JLPT JLPT_2 JLPT_3,geVhjMXt@#
酸素,さんそ,산소,JLPT JLPT_2 JLPT_3,DM##q[%RFu
氏,し,-씨,JLPT JLPT_2 JLPT_3,LAOK_nHPS/
詩,し,시,JLPT Intermediate_Japanese JLPT_3 JLPT_2 Intermediate_Japanese_Ln.13,PI;rr><.*1
幸せ,しあわせ,행복,JLPT JLPT_2 JLPT_3,MYpn~@*11o
ジーンズ,ジーンズ,청바지,JLPT JLPT_3 JLPT_2 Genki_Ln.2 Genki,o3hhzYEH)l
ジェット機,ジェットき,제트기,JLPT JLPT_2 JLPT_3,fS!]EX&j7m
四角,しかく,네모,JLPT JLPT_2 JLPT_3,J[L(f7xE~B
直に,じかに,"직접, 바로",JLPT JLPT_2 JLPT_3,"Gui,0]IdY5"
しかも,しかも,그것도,JLPT Intermediate_Japanese JLPT_3 JLPT_2 Intermediate_Japanese_Ln.9 Intermediate_Japanese_Ln.2,NW!O~u6B#]
四季,しき,사계절,JLPT JLPT_2 JLPT_3,j=w0weSQi)
直,じき,"곧, 즉시",JLPT JLPT_2 JLPT_3,wd?tx<3Bac
時期,じき,시기,JLPT JLPT_2 JLPT_3,DJ<W>Fb$j>
支給,しきゅう,지급,JLPT JLPT_2 JLPT_3,MpCDrKuR@c
至急,しきゅう,시급히,JLPT JLPT_2 JLPT_3,"K+,ttKQ<dz"
しきりに,しきりに,연방,JLPT JLPT_2 JLPT_3,E|Rw@W(/Em
刺激,しげき,자극,JLPT JLPT_2 JLPT_3,PD*^rLK60i
資源,しげん,자원,JLPT JLPT_2 JLPT_3,m(PG+T&|gr
事件,じけん,사건,JLPT JLPT_2 JLPT_3,MbFCnlA+g8
時刻,じこく,시각,JLPT JLPT_2 JLPT_3,"oN.E,s)Z}n"
自殺,じさつ,자살,JLPT JLPT_2 JLPT_3,y#JDw}f8E1
事実,じじつ,사실,JLPT JLPT_2 JLPT_3,qUB-Jtt?i`
支出,ししゅつ,지출,JLPT JLPT_2 JLPT_3,PrmuroD(_w
事情,じじょう,"노릇, 사정",JLPT JLPT_2 JLPT_3,B&D.VmCJRe
詩人,しじん,시인,JLPT JLPT_2 JLPT_3,J|*bb(L^Qr
自身,じしん,자신,JLPT Intermediate_Japanese JLPT_3 JLPT_2 Intermediate_Japanese_Ln.14,Mms_kL$qBA
沈む,しずむ,가라앉다,JLPT JLPT_2 JLPT_3,v(wY-5e=dv
自然,しぜん,"자연, 자연적",JLPT JLPT_2 JLPT_3,K#D]Lme)]J
思想,しそう,사상,JLPT JLPT_2 JLPT_3,"udM,dvR}EZ"
舌,した,혀,JLPT JLPT_2 JLPT_3,i22E-x*lSS
次第,しだい,"점점, 차츰차츰; ~하는 대로(동사의 연용형에 접속)",JLPT JLPT_2 JLPT_3,m7IQESq>:Z
従う,したがう,따르다,JLPT JLPT_2 JLPT_3,jQOK[Z2G2a
したがって,したがって,따라서; 그러므로; 그 결과,JLPT JLPT_2 JLPT_3,zE+XZL-yO%
親しい,したしい,친밀하다,JLPT JLPT_2 JLPT_3,JLb1]#eUH.
質,しつ,질,JLPT JLPT_2 JLPT_3,i9bGgE8&)u
失業,しつぎょう,실업,JLPT JLPT_2 JLPT_3,L*e(K1S8y>
湿気,しっけ,습기,JLPT JLPT_2 JLPT_3,mI:_~nX$Y!
実験,じっけん,실험,JLPT Intermediate_Japanese JLPT_3 JLPT_2 Intermediate_Japanese_Ln.5,hmPfhao45;
実現,じつげん,"구현, 실현",JLPT JLPT_2 JLPT_3,fGH.>rJnym
実行,じっこう,실행,JLPT JLPT_2 JLPT_3,O_Qp[P4rQP
実際,じっさい,"기실, 실상",JLPT Intermediate_Japanese JLPT_3 JLPT_2 Intermediate_Japanese_Ln.15,"B6Z:.Y11k,"
実施,じっし,실시,JLPT JLPT_2 JLPT_3,dXLqmB^MiP
湿度,しつど,습도,JLPT JLPT_2 JLPT_3,lZGX2R~;Bn
じっと,じっと,"가만, 그윽이",JLPT JLPT_2 JLPT_3,Nkvz[eNt`n
実に,じつに,정말로,JLPT JLPT_2 JLPT_3,I|OQWMaQog
実は,じつは,기실,JLPT Intermediate_Japanese JLPT_3 JLPT_2 Intermediate_Japanese_Ln.1,s#X::H+4<F
失望,しつぼう,"낙망, 낙심",JLPT JLPT_2 JLPT_3,mi8g|r~Txf
実力,じつりょく,실력,JLPT JLPT_2 JLPT_3,F5g81kES4+
支店,してん,지점,JLPT JLPT_3 JLPT_2 Genki_Ln.20 Genki,h*O$^StSa>
指導,しどう,지도,JLPT JLPT_2 JLPT_3,AKsjeKTYcK
自動,じどう,자동,JLPT JLPT_2 JLPT_3,O4.zUw/o_S
児童,じどう,어린이,JLPT JLPT_2 JLPT_3,"e,|tEbv]Zq"
品,しな,물건,JLPT JLPT_2 JLPT_3,bDnAvhtlH7
支配,しはい,지배,JLPT JLPT_2 JLPT_3,GJx2Cizi1x
芝居,しばい,극,JLPT JLPT_2 JLPT_3,gtSlTkyCFW
しばしば,しばしば,빈번히,JLPT JLPT_2 JLPT_3,oKzAa``eqH
芝生,しばふ,잔디밭,JLPT JLPT_2 JLPT_3,"wbx:,PABM*"
支払,しはらい,지불,JLPT JLPT_2 JLPT_3,Ev?:EQ7Ks`
支払う,しはらう,지불하다,JLPT JLPT_2 JLPT_3,"ND2,<K].}x"
死亡,しぼう,죽음,JLPT JLPT_2 JLPT_3,zYjIN3r3C
資本,しほん,자본,JLPT JLPT_2 JLPT_3,K]eJp4bmn-
姉妹,しまい,자매,JLPT JLPT_2 JLPT_3,D=K+>4{9gs
しまった (かん),しまった (かん),젠장!,JLPT JLPT_2 JLPT_3,lG^NNUo)xn
自慢,じまん,자만,JLPT JLPT_2 JLPT_3,I/xy:2]J/|
地味,じみ,수수함,JLPT JLPT_2 JLPT_3,o(yU(Vt?_.
示す,しめす,"표하다, 뜻하다",JLPT JLPT_2 JLPT_3,Jd8*LeirRj
占める,しめる,차지하다,JLPT Intermediate_Japanese JLPT_3 JLPT_2 Intermediate_Japanese_Ln.14,r`M6Y4!/$F
湿る,しめる,젖다,JLPT JLPT_2 JLPT_3,uFiSD0nBbH
下,しも,아래,JLPT JLPT_2 JLPT_3,"NEdu]f-jA,"
霜,しも,서리,JLPT JLPT_2 JLPT_3,r%B(k2*%-2
借金,しゃっきん,빚,JLPT JLPT_2 JLPT_3,HTrhI~ql4k
しゃべる,しゃべる,"떠들다, 지껄이다, 수다떨다",JLPT Intermediate_Japanese JLPT_3 JLPT_2 Intermediate_Japanese_Ln.8,xm(;YK[sEF
週,しゅう,주,JLPT JLPT_2 JLPT_3,"x+o,UuIX0t"
州,しゅう,다음 단어를 만듦; 주,JLPT JLPT_2 JLPT_3,"P_~2Qd-Z,0"
銃,じゅう,총,JLPT JLPT_2 JLPT_3,g}R=q_AV`]
周囲,しゅうい,주위,JLPT JLPT_2 JLPT_3,k;vO#x`Yq;
収穫,しゅうかく,수확,JLPT JLPT_2 JLPT_3,Q1;gC;3=ME
宗教,しゅうきょう,종교,JLPT Intermediate_Japanese JLPT_3 JLPT_2 Intermediate_Japanese_Ln.3,h2}ja7i^zZ
重視,じゅうし,중시,JLPT JLPT_2 JLPT_3,p)R=DLs-/X
就職,しゅうしょく,취업,JLPT JLPT_2 JLPT_3,G#y*V:{2Bq
ジュース,ジュース,과실음료,JLPT Genki_Ln.12 JLPT_3 JLPT_2 Genki,w1Xid7|yfz
修正,しゅうせい,수정,JLPT JLPT_2 JLPT_3,gUKGu[G9oC
重体,じゅうたい,중태,JLPT JLPT_2 JLPT_3,"F]Ml+g6],&"
渋滞,じゅうたい,체증,JLPT JLPT_2 JLPT_3,f6HLmc1`E?
重大,じゅうだい,중대,JLPT JLPT_2 JLPT_3,bRTiuj?[St
住宅,じゅうたく,주택,JLPT JLPT_2 JLPT_3,"bO,.P:9Wr8"
集団,しゅうだん,집단,JLPT JLPT_2 JLPT_3,O[N$vC_)x(
集中,しゅうちゅう,집중,JLPT JLPT_2 JLPT_3,z{<Xu{#h*c
収入,しゅうにゅう,수입,JLPT Intermediate_Japanese JLPT_3 JLPT_2 Intermediate_Japanese_Ln.14,Ow2ez*OE$v
住民,じゅうみん,거주민,JLPT JLPT_2 JLPT_3,M3~&[?-]c=
重要,じゅうよう,중요,JLPT JLPT_2 JLPT_3,d;5d4|x2m2
修理,しゅうり,수리,JLPT JLPT_2 JLPT_3,i2Z^HI-&!g
主義,しゅぎ,주의,JLPT JLPT_2 JLPT_3,mm(7ICuhH@
宿泊,しゅくはく,숙박,JLPT JLPT_2 JLPT_3,sJf/S8qo)G
手術,しゅじゅつ,수술,JLPT JLPT_2 JLPT_3,O=U-eHfq4I
首相,しゅしょう,국무총리,JLPT JLPT_2 JLPT_3,"h%Bt%?=g9,"
手段,しゅだん,수,JLPT JLPT_2 JLPT_3,cG]JN2+6BK
主張,しゅちょう,주장,JLPT JLPT_2 JLPT_3,PQKr-g-1[?
出場,しゅつじょう,출전,JLPT JLPT_2 JLPT_3,u|Gl.@-_{b
出身,しゅっしん,출신,JLPT JLPT_2 JLPT_3,E~$fFKz?VN
出版,しゅっぱん,출판,JLPT JLPT_2 JLPT_3,pHGL?y?[mQ
首都,しゅと,수도,JLPT JLPT_2 JLPT_3,"pV,3~,Z87["
主婦,しゅふ,주부,JLPT Intermediate_Japanese JLPT_3 JLPT_2 Intermediate_Japanese_Ln.8 Genki_Ln.1 Genki,cu7/mz5_+B
主要,しゅよう,주요,JLPT JLPT_2 JLPT_3,e/wz>k>*.!
需要,じゅよう,수요,JLPT JLPT_2 JLPT_3,wIb;!:/d[S
種類,しゅるい,종류,JLPT JLPT_2 JLPT_3,yLzP_}wHk~
順,じゅん,-순,JLPT JLPT_2 JLPT_3,j(7}!qj-R?
瞬間,しゅんかん,순간,JLPT JLPT_2 JLPT_3,w74BNqe`C[
順調,じゅんちょう,순조; 순조롭다,JLPT JLPT_2 JLPT_3,QTXqs`sU2C
順番,じゅんばん,차례,JLPT JLPT_2 JLPT_3,"B3?=*++0m,"
使用,しよう,사용,JLPT Intermediate_Japanese JLPT_3 JLPT_2 Intermediate_Japanese_Ln.11,"fv),c7#%~v"
小,しょう,소,JLPT JLPT_2 JLPT_3,He3e1#-/kV
章,しょう,장,JLPT JLPT_2 JLPT_3,Cp$qz7LRQ1
賞,しょう,상,JLPT JLPT_2 JLPT_3,ixda5oQQ=r
上,じょう,상,JLPT JLPT_2 JLPT_3,bjtdx{-WQ5
障害,しょうがい,장애,JLPT JLPT_2 JLPT_3,lN`%jCJ3Cv
奨学金,しょうがくきん,장학금,Genki_Ln.16 JLPT JLPT_3 JLPT_2 Genki,Q-*B#$A6L:
乗客,じょうきゃく,승객,JLPT JLPT_2 JLPT_3,F?2lxj<[^L
上京,じょうきょう,상경,JLPT JLPT_2 JLPT_3,EmcG8c7y3D
状況,じょうきょう,모양새,JLPT JLPT_2 JLPT_3,eJ+`w-qU@C
条件,じょうけん,조건,JLPT JLPT_2 JLPT_3,PesF@2hHde
正午,しょうご,정오,JLPT JLPT_2 JLPT_3,i0$lSUJ-1J
正直,しょうじき,정직,JLPT JLPT_2 JLPT_3,l~d^29Cn=%
常識,じょうしき,상식,JLPT JLPT_2 JLPT_3,b?[*`UKS8R
少女,しょうじょ,소녀,JLPT JLPT_2 JLPT_3,lN;?Tr6q{x
少々,しょうしょう,다소,JLPT Intermediate_Japanese JLPT_3 JLPT_2 Intermediate_Japanese_Ln.8 Genki_Ln.20 Genki,Ievwu]EUfz
症状,しょうじょう,증상,JLPT Intermediate_Japanese JLPT_3 JLPT_2 Intermediate_Japanese_Ln.12,v+Eb}=L(fE
生じる,しょうじる,가다,JLPT JLPT_2 JLPT_3,"F/qG4,c8v/"
状態,じょうたい,상태,JLPT JLPT_2 JLPT_3,u!E?FPG-@p
上達,じょうたつ,실력이 향상됨,JLPT JLPT_2 JLPT_3,Cc{1AI[wlm
冗談,じょうだん,농담,JLPT Intermediate_Japanese JLPT_3 JLPT_2 Intermediate_Japanese_Ln.10,CllWuV2>%{
上等,じょうとう,금싸라기,JLPT JLPT_2 JLPT_3,tjn_MUpJQp
衝突,しょうとつ,충돌,JLPT JLPT_2 JLPT_3,D@=pGn%86P
商人,しょうにん,"장사꾼, 장사치",JLPT JLPT_2 JLPT_3,MlJB*>A^h!
承認,しょうにん,승인,JLPT JLPT_2 JLPT_3,"N==,~orf~["
少年,しょうねん,소년,JLPT JLPT_2 JLPT_3,p6fQoD5WK;
商売,しょうばい,장사,JLPT JLPT_2 JLPT_3,"LoHl,.u1Y|"
消費,しょうひ,소비,JLPT JLPT_2 JLPT_3,r7nT91%)]@
商品,しょうひん,상품,JLPT JLPT_2 JLPT_3,w+UOx&@[sL
賞品,しょうひん,상품,JLPT JLPT_2 JLPT_3,M}I~*8Gv<&
消防,しょうぼう,소방,JLPT JLPT_2 JLPT_3,u20O%VZ|ID
情報,じょうほう,정보,JLPT Intermediate_Japanese JLPT_3 JLPT_2 Intermediate_Japanese_Ln.3,cpG:I1X!x-
証明,しょうめい,증명,JLPT JLPT_2 JLPT_3,l8;-B$4N!G
省略,しょうりゃく,생략,JLPT JLPT_2 JLPT_3,jp1y&-#kyn
女王,じょおう,여왕,JLPT JLPT_2 JLPT_3,furG^[#|I<
職,しょく,직,JLPT JLPT_2 JLPT_3,"hJY}5,Qu8j"
職業,しょくぎょう,직업,JLPT JLPT_2 JLPT_3,tU=ntM)WP{
食卓,しょくたく,식탁,JLPT JLPT_2 JLPT_3,o})uu+vtqN
食品,しょくひん,식품,JLPT JLPT_2 JLPT_3,iU(>r<G;@0
植物,しょくぶつ,식물,JLPT JLPT_2 JLPT_3,mpdopLG{vR
食物,しょくもつ,"먹는 것, 음식",JLPT JLPT_2 JLPT_3,KrMVp?T5YJ
食欲,しょくよく,식욕,JLPT Intermediate_Japanese JLPT_3 JLPT_2 Intermediate_Japanese_Ln.12,qt1GC>c)@^
食料,しょくりょう,식량,JLPT JLPT_2 JLPT_3,"k76m(C.Z,~"
食糧,しょくりょう,식량,JLPT JLPT_2 JLPT_3,"e~`&J:],P}"
書斎,しょさい,서재,JLPT JLPT_2 JLPT_3,z(Zi=4k7-t
女子,じょし,여자,JLPT JLPT_2 JLPT_3,y}`qNApt9R
助手,じょしゅ,조수,JLPT JLPT_2 JLPT_3,F9rI>UKU}`
徐々に,じょじょに,서서히,JLPT JLPT_2 JLPT_3,Ik@-$!%)*d
署名,しょめい,서명,JLPT JLPT_2 JLPT_3,"C)w4*u^eJ,"
書物,しょもつ,"서적, 서책",JLPT JLPT_2 JLPT_3,dsq%HW0O`l
女優,じょゆう,여배우,JLPT JLPT_2 JLPT_3,g6/0nLbYEk
処理,しょり,처리,JLPT JLPT_2 JLPT_3,"n-}WPF,.CB"
書類,しょるい,서류,JLPT Intermediate_Japanese JLPT_3 JLPT_2 Intermediate_Japanese_Ln.14 Genki_Ln.22 Genki,Ehj{.OHy`#
知らせ,しらせ,기별,JLPT JLPT_2 JLPT_3,tE;LJdiq{b
尻,しり,궁둥이,JLPT JLPT_2 JLPT_3,Cp-T01W>>7
知合い,しりあい,"아는 사람, 지인",JLPT JLPT_2 JLPT_3,Jz(h+XVbH4
印,しるし,마크,JLPT JLPT_2 JLPT_3,F?8:NFp=(i
城,しろ,성,JLPT JLPT_2 JLPT_3,GnhkX+7b^.
進学,しんがく,진학,JLPT JLPT_2 JLPT_3,p#!GLXFzk~
神経,しんけい,신경,JLPT JLPT_2 JLPT_3,"mz&,NqxuZ0"
真剣,しんけん,진지함; 진검,JLPT JLPT_2 JLPT_3,PuRLKa9@q(
信仰,しんこう,"믿음, 신앙",JLPT JLPT_2 JLPT_3,g~oH1SUq[>
信号,しんごう,신호,JLPT JLPT_3 JLPT_2 Genki_Ln.20 Genki,z?zKX+/#?f
人工,じんこう,인공,JLPT JLPT_2 JLPT_3,zQ3t>E=&2U
深刻,しんこく,심각,JLPT JLPT_2 JLPT_3,Kel_M-JGRX
診察,しんさつ,진찰,JLPT Intermediate_Japanese JLPT_3 JLPT_2 Intermediate_Japanese_Ln.12,Mx*u-x#R2}
人種,じんしゅ,인종,JLPT JLPT_2 JLPT_3,Mm&n`P$vPl
信じる,しんじる,믿다,JLPT JLPT_2 JLPT_3,E~EJs-CkJ`
人生,じんせい,인생,JLPT JLPT_2 JLPT_3,G{?]K0G%It
親戚,しんせき,친척,Genki_Ln.16 JLPT Intermediate_Japanese JLPT_3 JLPT_2 Intermediate_Japanese_Ln.9 Genki,f;-yjmPO85
新鮮,しんせん,신선한,JLPT JLPT_2 JLPT_3,hgsIFo;k1C
心臓,しんぞう,심장,JLPT JLPT_2 JLPT_3,FBeXkqV5hu
身体,しんたい,신체,JLPT JLPT_2 JLPT_3,t3y~q`<OO!
身長,しんちょう,"키, 신장",JLPT JLPT_2 JLPT_3,v2>$s!00R?
慎重,しんちょう,신중,JLPT JLPT_2 JLPT_3,H{qX;#1p@y
審判,しんぱん,심판,JLPT JLPT_2 JLPT_3,"i+^OoCXV,-"
人物,じんぶつ,인물,JLPT JLPT_2 JLPT_3,OXSwNDOM:u
進歩,しんぽ,진보,JLPT Intermediate_Japanese JLPT_3 JLPT_2 Intermediate_Japanese_Ln.13,C*Oco$5$I7
親友,しんゆう,벗,JLPT JLPT_2 JLPT_3,e!XKqiS_]u
信用,しんよう,신용,JLPT JLPT_2 JLPT_3,D_Xu621X(*
信頼,しんらい,신용,JLPT JLPT_2 JLPT_3,Cc(neZE[/;
心理,しんり,심리,JLPT JLPT_2 JLPT_3,M4-pHm{8Hp
人類,じんるい,인류,JLPT JLPT_2 JLPT_3,yGfC3NH0c~
巣,す,둥지,JLPT JLPT_2 JLPT_3,wae)m$%B2U
酢,す,식초,JLPT JLPT_2 JLPT_3,S|>MWw8{x
図,ず,-도,JLPT JLPT_2 JLPT_3,o=i@Vi;`4G
水準,すいじゅん,수준,JLPT JLPT_2 JLPT_3,LrR5Wf1Z7N
推薦,すいせん,추천,JLPT JLPT_2 JLPT_3,jvDU?eC@&E
スイッチ,スイッチ,스위치,JLPT Genki_Ln.18 JLPT_3 JLPT_2 Genki,D+{$1{/[wR
睡眠,すいみん,수면,JLPT JLPT_2 JLPT_3,wh0!*D%WvE
数,すう,수,JLPT JLPT_2 JLPT_3,J]}my?o<Q!
数字,すうじ,숫자,JLPT JLPT_2 JLPT_3,B[Gra1kO)v
スープ,スープ,수프,JLPT JLPT_2 JLPT_3,"s,J:5SYdW2"
末,すえ,말단,JLPT Intermediate_Japanese JLPT_3 JLPT_2 Intermediate_Japanese_Ln.4,EyKo./;AAl
姿,すがた,자태,JLPT JLPT_2 JLPT_3,gTn!6ZHkYs
スキー,スキー,스키,JLPT JLPT_3 JLPT_2 Genki_Ln.9 Genki,EDq$^7+uK~
救う,すくう,구하다,JLPT JLPT_2 JLPT_3,Pzdj_}ruVB
すくなくとも,すくなくとも,적어도,JLPT JLPT_2 JLPT_3,s64aNUZ0&F
優れる,すぐれる,판치다,JLPT JLPT_2 JLPT_3,"fFuIf,@I[N"
スケート,スケート,스케이트,JLPT JLPT_2 JLPT_3,DQ0-nYW7>.
スケジュール,スケジュール,일정,JLPT JLPT_2 JLPT_3,m}P~NJ788C
少しも,すこしも,아주,JLPT JLPT_2 JLPT_3,pSmTW}7_?}
過ごす,すごす,지내다,JLPT Intermediate_Japanese JLPT_3 JLPT_2 Intermediate_Japanese_Ln.11,oE9$X-z%xN
筋,すじ,"선, 줄",JLPT JLPT_2 JLPT_3,M#_TzTBk6]
進める,すすめる,"진행시키다, 진척시키다",JLPT JLPT_2 JLPT_3,u2l`IqNk23
勧める,すすめる,권하다,JLPT Intermediate_Japanese JLPT_3 JLPT_2 Intermediate_Japanese_Ln.13,"IBeh,nV1Dt"
スター,スター,별,JLPT JLPT_2 JLPT_3,hHJocr{1ix
スタイル,スタイル,스타일,JLPT JLPT_2 JLPT_3,wQruLdJqJI
スタンド,スタンド,스탠드,JLPT JLPT_2 JLPT_3,"Qz:R,pd5SR"
頭痛,ずつう,두통,JLPT JLPT_2 JLPT_3,hcxF9uQ5ZX
ずっと,ずっと,"사뭇, 죽",JLPT Intermediate_Japanese JLPT_3 JLPT_2 Intermediate_Japanese_Ln.5 Genki_Ln.22 Genki,OCoZDHO:^u
すっぱい,すっぱい,시다,JLPT JLPT_2 JLPT_3,d)l(J.2Nu=
すてき,すてき,"멋지다, 멋진",JLPT JLPT_2 JLPT_3,B~-XSf&NNC
既に,すでに,이미,JLPT Intermediate_Japanese JLPT_3 JLPT_2 Intermediate_Japanese_Ln.13,d=:dSSUK:`
すなわち,すなわち,"즉, 바꿔 말하면",JLPT JLPT_2 JLPT_3,zS=.lQe1_+
スピーチ,スピーチ,"연설, 스피치",JLPT JLPT_3 JLPT_2 Genki Genki_Ln.21,pvM3{8vA`1
全て,すべて,전부,JLPT JLPT_2 JLPT_3,kq!H^iT|N4
済ませる,すませる,"끝내다, 해결하다",JLPT JLPT_2 JLPT_3,vQUpvSA005
角,すみ,구석,JLPT JLPT_2 JLPT_3,b^^N<lR$T]
墨,すみ,먹,JLPT JLPT_2 JLPT_3,Pt>IB]Y%[8
すみません (かん),すみません (かん),"죄송합니다, 실례합니다",JLPT JLPT_2 JLPT_3,Kr6X0TH7=(
澄む,すむ,맑아지다,JLPT JLPT_2 JLPT_3,d^/yYeQD1M
清む,すむ,맑아지다,JLPT JLPT_2 JLPT_3,wMyt{WAjxX
刷る,する,찍다,JLPT JLPT_2 JLPT_3,MuPBNA;83U
為る,する,하다,JLPT JLPT_2 JLPT_3,z;FwzGK-v+
鋭い,するどい,"날카롭다, 뾰족하다, 뾰족뾰족하다",JLPT JLPT_2 JLPT_3,s@c[Ya@R|h
すれ違う,すれちがう,맞닥트리다,JLPT JLPT_2 JLPT_3,fP+0(@n(JZ
ずれる,ずれる,어긋나다,JLPT JLPT_2 JLPT_3,F2j?XV=5UF
正,せい,"정, 올바름; 정규",JLPT JLPT_2 JLPT_3,AC@`-8Z+qv
生,せい,"생, 출생",JLPT JLPT_2 JLPT_3,"yDy>Z9R,FJ"
性,せい,성,JLPT JLPT_2 JLPT_3,Gy*nj#x|I/
姓,せい,성,JLPT JLPT_2 JLPT_3,"sO,Mg|Q.hG"
所為,せい,탓,JLPT JLPT_2 JLPT_3,yy|zc*n):n
税,ぜい,세금,JLPT JLPT_2 JLPT_3,eEs:NyUxEV
性格,せいかく,성격,JLPT Intermediate_Japanese Genki_Ln.19 JLPT_3 JLPT_2 Genki Intermediate_Japanese_Ln.3,l3(d&u3o-<
正確,せいかく,정확,JLPT JLPT_2 JLPT_3,rg^|Ktq*}h
世紀,せいき,세기,JLPT JLPT_2 JLPT_3,MQfIjnh7j}
請求,せいきゅう,청구,JLPT JLPT_2 JLPT_3,KNbh$sySYl
税金,ぜいきん,세금,Genki_Ln.15 JLPT JLPT_3 JLPT_2 Genki,Ah}s1$;.$[
清潔,せいけつ,청결,JLPT JLPT_2 JLPT_3,vJiZ-)))FJ
制限,せいげん,제한,JLPT JLPT_2 JLPT_3,P3D^cMd_|f
成功,せいこう,성공,JLPT Intermediate_Japanese JLPT_3 JLPT_2 Intermediate_Japanese_Ln.12,bkv%QuVn22
正式,せいしき,정식,JLPT JLPT_2 JLPT_3,zSQ*)G#Yvj
性質,せいしつ,성질,JLPT JLPT_2 JLPT_3,E(70}4c-m*
精神,せいしん,정신,JLPT JLPT_2 JLPT_3,tLy]a8CB9?
成人,せいじん,어른,JLPT JLPT_2 JLPT_3,"g@,iQ!8;."
精々,せいぜい,끽하다,JLPT JLPT_2 JLPT_3,q[aqj]#7$-
成績,せいせき,성적,JLPT Genki_Ln.12 Intermediate_Japanese JLPT_3 JLPT_2 Genki Intermediate_Japanese_Ln.3,o4$BUl?TFA
製造,せいぞう,제조,JLPT JLPT_2 JLPT_3,OAvZo`.~[q
贅沢,ぜいたく,사치,JLPT JLPT_2 JLPT_3,"iRbk]j,(Bl"
成長,せいちょう,성장,JLPT JLPT_2 JLPT_3,lSq)ru5`@&
生長,せいちょう,생장,JLPT JLPT_2 JLPT_3,G5ys*Os]kn
制度,せいど,제도,JLPT Intermediate_Japanese JLPT_3 JLPT_2 Intermediate_Japanese_Ln.14,]d3#w;wAU
青年,せいねん,청년,JLPT JLPT_2 JLPT_3,r|D|m%Ih@3
生年月日,せいねんがっぴ,생년월일,JLPT JLPT_2 JLPT_3,H8|M5HOte?
製品,せいひん,제품,JLPT JLPT_2 JLPT_3,GY93^mZ;)a
政府,せいふ,정부,JLPT Intermediate_Japanese Genki JLPT_3 JLPT_2 Intermediate_Japanese_Ln.15 Genki_Ln.21,zDQAHO%nD/
生物,せいぶつ,생물,JLPT JLPT_2 JLPT_3,nx3;swk;nm
生命,せいめい,생명,JLPT JLPT_2 JLPT_3,HfE8+JV[><
整理,せいり,"정리, 정돈; 처분",JLPT JLPT_2 JLPT_3,zlHgN/N7&U
咳,せき,기침,JLPT Genki_Ln.12 JLPT_3 JLPT_2 Genki,yQ$e7`wCNr
石炭,せきたん,석탄,JLPT JLPT_2 JLPT_3,t&C>c}0]R(
責任,せきにん,책임,JLPT JLPT_2 JLPT_3,HKrlH:Fl)i
石油,せきゆ,석유,JLPT JLPT_2 JLPT_3,"gJm,E%Jb`a"
世間,せけん,세간,JLPT JLPT_2 JLPT_3,pFmc#=7y9*
説,せつ,설,JLPT JLPT_2 JLPT_3,kNv(nqwBQ3
積極的,せっきょくてき,적극적,JLPT JLPT_2 JLPT_3,zQ[EQ]wde[
設計,せっけい,설계,JLPT JLPT_2 JLPT_3,i>to8js@e$
絶対,ぜったい,절대,JLPT Intermediate_Japanese JLPT_3 JLPT_2 Intermediate_Japanese_Ln.7,"g,<A9qJmV)"
セット,セット,"벌, 세트",JLPT JLPT_2 JLPT_3,qu4w*^0<Ni
愛,あい,사랑,JLPT JLPT_2 JLPT_3,hFW1YrLt0]
相変わらず,あいかわらず,여전히,JLPT JLPT_2 JLPT_3,Ojow^*$or
愛情,あいじょう,애정,JLPT JLPT_2 JLPT_3,Qzcx!}<3R3
合図,あいず,신호,JLPT JLPT_2 JLPT_3,fU+XD$S~|s
アイスクリーム,アイスクリーム,아이스크림,JLPT JLPT_2 JLPT_3,NP9A]*VE%:
愛する,あいする,사랑하다,JLPT JLPT_2 JLPT_3,DeM>~uF)IC
相手,あいて,상대,Genki Genki_Ln.22 Intermediate_Japanese Intermediate_Japanese_Ln.2 JLPT JLPT_2 JLPT_3,y[.4]/S_M)
あいにく,あいにく,마침,JLPT JLPT_2 JLPT_3,hzWiJ*CbeE
遭う,あう,만나다,JLPT JLPT_2 JLPT_3,5(WM8:K%>
アウト,アウト,아웃,JLPT JLPT_2 JLPT_3,l:i}>N{A|}
明かり,あかり,불빛,JLPT JLPT_2 JLPT_3,evqBji16kk
空き,あき,"빈자리, 여유",JLPT JLPT_2 JLPT_3,o4~on{17B&
明らか,あきらか,"명백한, 분명한",JLPT JLPT_2 JLPT_3,xr&[9MdyXM
諦める,あきらめる,단념하다,Genki Genki_Ln.14 Intermediate_Japanese Intermediate_Japanese_Ln.13 JLPT JLPT_2 JLPT_3,cVjy7W5yAS
飽きる,あきる,질리다,JLPT JLPT_2 JLPT_3,MTVy#<!xxJ
握手,あくしゅ,악수,JLPT JLPT_2 JLPT_3,BX@vSTsJMQ
悪魔,あくま,마,JLPT JLPT_2 JLPT_3,gY|8LCMcvD
明ける,あける,밝다,JLPT JLPT_2 JLPT_3,QYMAJT+i|R
揚げる,あげる,튀기다,JLPT JLPT_2 JLPT_3,kDT9EKS)@x
挙げる,あげる,올리다,JLPT JLPT_2 JLPT_3,"GPil,F&M@,"
預かる,あずかる,맡다,Intermediate_Japanese Intermediate_Japanese_Ln.10 JLPT JLPT_2 JLPT_3,n!!dea66oU
預ける,あずける,맡기다,JLPT JLPT_2 JLPT_3,ITjUmdJ?SA
汗,あせ,땀,JLPT JLPT_2 JLPT_3,L.:p?!w~-_
与える,あたえる,주다,Intermediate_Japanese Intermediate_Japanese_Ln.5 JLPT JLPT_2 JLPT_3,GyK@0^nn9D
温かい,あたたかい,뜨뜻하다,JLPT JLPT_2 JLPT_3,QwQJvr;Yu/
暖まる,あたたまる,따뜻해지다,JLPT JLPT_2 JLPT_3,cRMS.07iEY
温まる,あたたまる,녹다,JLPT JLPT_2 JLPT_3,Cc_8n~b{Xr
暖める,あたためる,데우다,JLPT JLPT_2 JLPT_3,c^bO3wi-j`
温める,あたためる,데우다,JLPT JLPT_2 JLPT_3,nR%K+*);#2
辺り,あたり,근방,Intermediate_Japanese Intermediate_Japanese_Ln.6 JLPT JLPT_2 JLPT_3,Nhf6;`GIs6
当たり前,あたりまえ,응당,JLPT JLPT_2 JLPT_3,"F|qH}g,OWJ"
当たる,あたる,맞다,JLPT JLPT_2 JLPT_3,c~5${Vgwlg
あちこち,あちこち,곳곳,JLPT JLPT_2 JLPT_3,zllf&_UO$c
扱う,あつかう,다루다,Intermediate_Japanese Intermediate_Japanese_Ln.14 JLPT JLPT_2 JLPT_3,"o08cD,?4sA"
集まり,あつまり,그룹,JLPT JLPT_2 JLPT_3,jBK/@[g6Hm
当てる,あてる,맞히다,JLPT JLPT_2 JLPT_3,z-r@1e!?]p
跡,あと,"행적, 뒤",JLPT JLPT_2 JLPT_3,q{EbQ0$xa;
穴,あな,펑크,JLPT JLPT_2 JLPT_3,J_{zaxL58i
油,あぶら,기름,JLPT JLPT_2 JLPT_3,h++g*X+)DT
脂,あぶら,기름,JLPT JLPT_2 JLPT_3,yaI6J=&24M
誤り,あやまり,착오,JLPT JLPT_2 JLPT_3,Q&O=zHLH43
粗,あら,허물,JLPT JLPT_2 JLPT_3,uo3L]S3}+n
嵐,あらし,폭풍,JLPT JLPT_2 JLPT_3,"x>[,-C/.7:"
争う,あらそう,"다투다, 싸우다",JLPT JLPT_2 JLPT_3,gCt~zB/0M*
新た,あらた,"새로움; 또, 새로 시작함; 생생함",JLPT JLPT_2 JLPT_3,vUk>5+m4>^
あらゆる,あらゆる,온갖,JLPT JLPT_2 JLPT_3,fRH=B?!]8k
表す,あらわす,"나타내다, 드러내다",JLPT JLPT_2 JLPT_3,J4D9:Mg)~^
現す,あらわす,나타내다,JLPT JLPT_2 JLPT_3,"J};,Fjv6&g"
著す,あらわす,펴내다,JLPT JLPT_2 JLPT_3,A}kQPl<:b_
現れ,あらわれ,출현,JLPT JLPT_2 JLPT_3,wIR$)+P>p)
現れる,あらわれる,나타나다,JLPT Intermediate_Japanese JLPT_3 JLPT_2 Intermediate_Japanese_Ln.8,uNu]Gn1cS@
ありがとう,ありがとう,고마워,JLPT JLPT_2 JLPT_3,"BCk,]QT,C;"
在る; 有る,ある,"있다, 존재하다",JLPT JLPT_2 JLPT_3,ugXsXN3GZ/
或,ある,어떤,JLPT JLPT_2 JLPT_3,fPA~S.(r2^
あるいは,あるいは,혹은,JLPT JLPT_2 JLPT_3,GpvtMObv5I
アルバム,アルバム,앨범,JLPT JLPT_2 JLPT_3,LY~;26p.Bn
泡,あわ,거품,JLPT JLPT_2 JLPT_3,xuN<Cc$=0q
合わせる,あわせる,합치다,JLPT Intermediate_Japanese JLPT_3 JLPT_2 Intermediate_Japanese_Ln.14,I=R#`?=:d[
慌てる,あわてる,당황하다,JLPT JLPT_2 JLPT_3,QKvMMW7GPN
哀れ,あわれ,측은,JLPT JLPT_2 JLPT_3,Di(vg]NB]7
案,あん,안,JLPT JLPT_2 JLPT_3,wa#Lw#FwSj
案外,あんがい,의외로,JLPT JLPT_2 JLPT_3,c{:][-]9cx
暗記,あんき,암기,JLPT JLPT_2 JLPT_3,J|(sO>=G;)
安定,あんてい,안정,JLPT JLPT_2 JLPT_3,tq=A(a}mBR
あんなに,あんなに,"그리도, 저다지",JLPT JLPT_2 JLPT_3,qL7ozV1EL!
あんまり,あんまり,"그다지, 별로",JLPT JLPT_2 JLPT_3,nQM2*X0Uly
胃,い,위,JLPT Intermediate_Japanese JLPT_3 JLPT_2 Intermediate_Japanese_Ln.12,J;|<l]nldO
委員,いいん,위원,JLPT JLPT_2 JLPT_3,"yw,e]%D0#"
意外,いがい,"뜻밖, 의외",JLPT JLPT_2 JLPT_3,w~HVZz5(Yv
行き,いき,(차편의) ~행,JLPT JLPT_2 JLPT_3,sv:5&WPn~-
行き,ゆき,(차편의) ~행,JLPT JLPT_2 JLPT_3,Qo3!wH.:.8
息,いき,숨,JLPT JLPT_2 JLPT_3,Mg6)U{FFzO
勢い,いきおい,"기운, 세",JLPT JLPT_2 JLPT_3,b/)jjg52IA
生き物,いきもの,생물체,JLPT JLPT_2 JLPT_3,cJD+|G`QOg
いけない,いけない,"안 된다, 좋지 않다; ~해야 한다",JLPT JLPT_2 JLPT_3,rH~_kL3NSH
医師,いし,의사,JLPT JLPT_2 JLPT_3,L]3urgx$u7
意思,いし,의사,JLPT JLPT_2 JLPT_3,GeK4#dpi2R
意志,いし,의지,JLPT JLPT_2 JLPT_3,F^=nB=4_Bt
維持,いじ,유지,JLPT JLPT_2 JLPT_3,NkxQSQGjpb
意識,いしき,의식,JLPT JLPT_2 JLPT_3,B.j@@N??C@
異常,いじょう,이상,JLPT JLPT_2 JLPT_3,O08lYk-IK<
意地悪,いじわる,심술쟁이,JLPT JLPT_2 JLPT_3,Q2_n%:>L!6
泉,いずみ,"샘, 샘물",JLPT JLPT_2 JLPT_3,l*ms=cUi*A
いずれ,いずれ,"어느 것, 어느 쪽; 언젠가",JLPT JLPT_2 JLPT_3,tyll~{/>;}
以前,いぜん,이전,JLPT Intermediate_Japanese JLPT_3 JLPT_2 Intermediate_Japanese_Ln.15,vzioeTDgh&
板,いた,널,JLPT JLPT_2 JLPT_3,rTsp9B=&#y
偉大,いだい,위대함,JLPT JLPT_2 JLPT_3,Dj58mSmcXd
抱く,いだく,안다,JLPT Intermediate_Japanese JLPT_3 JLPT_2 Intermediate_Japanese_Ln.8,bnBW}<VC5Y
いたずら,いたずら,장난,JLPT JLPT_2 JLPT_3,GffoWqmg)Q
いただきます,いただきます,잘 먹겠습니다,JLPT JLPT_2 JLPT_3,jhTihku]b|
痛み,いたみ,"통증, 아픔",JLPT JLPT_2 JLPT_3,fCH])@V^N}
至る,いたる,"가다, 다다르다",JLPT JLPT_2 JLPT_3,go_hN=pqmn
市,いち,"장, 저자",JLPT_1 JLPT JLPT_2 JLPT_3,b}j[=OS2%d
位置,いち,위치,JLPT JLPT_2 JLPT_3,rRL{bp[klU
一時,いちじ,일시,JLPT JLPT_2 JLPT_3,rZn?lv+;:4
一度に,いちどに,한꺼번에,JLPT JLPT_2 JLPT_3,AK)V=Yq3mS
市場,いちば,시장,JLPT JLPT_2 JLPT_3,DBqN2uJ#li
いつか,いつか,언젠가,JLPT JLPT_2 JLPT_3,FR_y9u}n#<
一家,いっか,일가족,JLPT JLPT_2 JLPT_3,l/wm^:qD$x
一種,いっしゅ,일종,JLPT JLPT_2 JLPT_3,sn._eGR[}-
一瞬,いっしゅん,순간,JLPT JLPT_2 JLPT_3,Qq!{_/r0wa
一生,いっしょう,한평생,JLPT Intermediate_Japanese JLPT_3 JLPT_2 Intermediate_Japanese_Ln.8,AtHZ6K9AwM
一層,いっそう,"한층, 일층",JLPT JLPT_2 JLPT_3,CjCbT!QO~}
一体,いったい,도대체,JLPT JLPT_2 JLPT_3,K?hP0<cU>&
一致,いっち,일치,JLPT JLPT_2 JLPT_3,ysxIQslQyD
いつでも,いつでも,무시로,JLPT JLPT_2 JLPT_3,N>sX%eJi!w
いつのまにか,いつのまにか,어느덧,JLPT JLPT_2 JLPT_3,D<V5f@i{!T
一般,いっぱん,일반,JLPT JLPT_2 JLPT_3,mhggl5@LT?
一方,いっぽう,한편,JLPT JLPT_2 JLPT_3,ta7h-#VP%b
いつまでも,いつまでも,영영,JLPT JLPT_2 JLPT_3,r@zE/Lc+82
移動,いどう,이동,JLPT JLPT_2 JLPT_3,yz:o#%V|;@
従兄弟,いとこ,사촌,JLPT JLPT_2 JLPT_3,CcBJPKt<s5
従姉妹,いとこ,사촌,JLPT JLPT_2 JLPT_3,s78r`;/ON~
稲,いね,나락,JLPT JLPT_2 JLPT_3,HQD[kKI--m
居眠り,いねむり,말뚝잠,JLPT JLPT_2 JLPT_3,p&}.agckN6
命,いのち,"명줄, 목숨",JLPT JLPT_2 JLPT_3,"z7V@a,~`Re"
違反,いはん,위반,JLPT JLPT_2 JLPT_3,jOqAs(GP-H
衣服,いふく,옷가지,JLPT JLPT_2 JLPT_3,pHoA66%Mk&
居間,いま,거실,JLPT JLPT_2 JLPT_3,G/@=.gt:M?
今に,いまに,언젠가,JLPT JLPT_2 JLPT_3,E1NlCS5^&;
今にも,いまにも,당장,JLPT JLPT_2 JLPT_3,Kiwg*7Fayc
イメージ,イメージ,"이미지, 심상; 이미지화하다",JLPT JLPT_2 JLPT_3,m5PWtQuC8
否,いや,"아니, 아니오",JLPT JLPT_2 JLPT_3,t%b|d?y!x;
以来,いらい,"이내, 이래",JLPT JLPT_2 JLPT_3,wKMM5>=Rhf
依頼,いらい,부탁,JLPT Intermediate_Japanese JLPT_3 JLPT_2 Intermediate_Japanese_Ln.15,"A,;GX*Z1pN"
いらいら,いらいら,초조함. 안달남,JLPT JLPT_2 JLPT_3,cX)s!En;S_
いらっしゃい,いらっしゃい,어서오십시오,JLPT JLPT_2 JLPT_3,c2%8d/UU0k
医療,いりょう,의료,JLPT JLPT_2 JLPT_3,kJzii8E*wG
岩,いわ,바위,JLPT JLPT_2 JLPT_3,G|eL<b]=]q
祝い,いわい,축하,JLPT JLPT_2 JLPT_3,GZfmX5Jx8(
祝う,いわう,축하하다,JLPT JLPT_2 JLPT_3,X@UPs?&].
言わば,いわば,"이를테면, 일테면",JLPT JLPT_2 JLPT_3,ISB~|Yz?TD
いわゆる,いわゆる,곧,JLPT Intermediate_Japanese JLPT_3 JLPT_2 Intermediate_Japanese_Ln.14,pIL=hHO-Je
インク,インク,잉크,JLPT JLPT_2 JLPT_3,q1l^_2FS@C
印刷,いんさつ,인쇄,JLPT JLPT_2 JLPT_3,M!0uun/z}U
印象,いんしょう,인상,JLPT JLPT_2 JLPT_3,Q*RbG8|1@p
引退,いんたい,은퇴,JLPT JLPT_2 JLPT_3,CiE>>/IlUa
インタビュー,インタビュー,인터뷰,JLPT Intermediate_Japanese JLPT_3 JLPT_2 Intermediate_Japanese_Ln.15,Lr#jpXZo&{
引用,いんよう,인용,JLPT JLPT_2 JLPT_3,mgmTGyy@R!
ウイスキー,ウイスキー,위스키,JLPT JLPT_2 JLPT_3,pU);qhPs)v
上,うわ,"위, 위쪽",JLPT JLPT_2 JLPT_3,Alx@.Upj.V
魚,うお,물고기,JLPT JLPT_2 JLPT_3,"OhV1B,p7lY"
うがい,うがい,양치질,JLPT Intermediate_Japanese JLPT_3 JLPT_2 Intermediate_Japanese_Ln.12,k@]kPJW~yl
受け取る,うけとる,받아들이다,JLPT JLPT_2 JLPT_3,"Jr/,h++/bg"
動かす,うごかす,움직이다,JLPT JLPT_2 JLPT_3,NB>1{PM|;}
兎,うさぎ,토끼,JLPT JLPT_2 JLPT_3,"fu:N<z:T,%"
牛,うし,소,JLPT Intermediate_Japanese JLPT_3 JLPT_2 Intermediate_Japanese_Ln.10,f~4k*~tyLI
失う,うしなう,잃다,JLPT Intermediate_Japanese JLPT_3 JLPT_2 Intermediate_Japanese_Ln.14,pYDJ7QMJY3
疑う,うたがう,의심하다,JLPT JLPT_2 JLPT_3,rNjW1$Ny&Q
宇宙,うちゅう,우주,JLPT JLPT_2 JLPT_3,z$:a2a^Sj:
討つ,うつ,치다,JLPT JLPT_2 JLPT_3,PyYz(3~uk@
撃つ,うつ,"공격하다, 쏘다",JLPT JLPT_2 JLPT_3,E~&l5[EXS/
うっかり,うっかり,부주의하게; 의도치 않게,JLPT Intermediate_Japanese JLPT_3 JLPT_2 Intermediate_Japanese_Ln.15,e}eZDDJ?#=
映す,うつす,비추다,JLPT JLPT_2 JLPT_3,v%$=^xk|L|
訴える,うったえる,"호소하다, 제소하다",JLPT Intermediate_Japanese JLPT_3 JLPT_2 Intermediate_Japanese_Ln.12,q3vDC2@R>l
写る,うつる,찍히다,JLPT JLPT_2 JLPT_3,CI<Sr}lwt|
映る,うつる,"비치다, 어리다",JLPT JLPT_2 JLPT_3,b:A%=5OyPu
うなる,うなる,울다,JLPT JLPT_2 JLPT_3,s+o0tk>SxK
奪う,うばう,뺏다,JLPT JLPT_2 JLPT_3,wyO.=2:4&2
馬,うま,말,JLPT Intermediate_Japanese JLPT_3 JLPT_2 Intermediate_Japanese_Ln.10,I-Qwz&8r5B
生まれ,うまれ,태생,JLPT JLPT_2 JLPT_3,deVvQ9]dKk
有無,うむ,유무,JLPT JLPT_2 JLPT_3,q6A?^f?DMI
梅,うめ,매실,JLPT JLPT_2 JLPT_3,unQPf%DK.[
埋める,うめる,메우다,JLPT JLPT_2 JLPT_3,wtEE639hh4
裏切る,うらぎる,배신하다,JLPT JLPT_2 JLPT_3,hCN[eLWk|~
羨ましい,うらやましい,"남부럽다, 부럽다",JLPT JLPT_2 JLPT_3,P/?}=]sJqp
売れる,うれる,팔리다,JLPT JLPT_2 JLPT_3,"wjQK4P,#&y"
噂,うわさ,뒷소문,JLPT JLPT_2 JLPT_3,iJw30XJ732
運,うん,"운, 재수",JLPT JLPT_2 JLPT_3,"niW>.BR,WX"
運転,うんてん,운전,JLPT JLPT_2 JLPT_3,x@0Upz+IK7
柄,え,자루,JLPT_1 JLPT JLPT_2 JLPT_3,vAFwXg-!s2
永遠,えいえん,영원,JLPT JLPT_2 JLPT_3,DxPif#CAiw
永久,えいきゅう,"영원, 영속성, 불멸",JLPT JLPT_2 JLPT_3,"H2N,Hwk+O>"
影響,えいきょう,영향,JLPT Intermediate_Japanese JLPT_3 JLPT_2 Intermediate_Japanese_Ln.9,xzq]$1i3z}
営業,えいぎょう,영업,JLPT JLPT_2 JLPT_3,xesLH`A]]j
衛星,えいせい,위성,JLPT_1 JLPT JLPT_2 JLPT_3,mODPl+GnJ<
栄養,えいよう,영양,JLPT JLPT_2 JLPT_3,D*<eW1UGaQ
笑顔,えがお,웃음기,JLPT Intermediate_Japanese JLPT_3 JLPT_2 Intermediate_Japanese_Ln.11,"ck|m~NB,1+"
描く,えがく,그리다,JLPT JLPT_2 JLPT_3,A%|&4/hW0O
餌,えさ,"먹이, 미끼",JLPT JLPT_2 JLPT_3,kFT)$ftn@z
エネルギー,エネルギー,에너지,JLPT JLPT_2 JLPT_3,z36oBXl-RE
得る,える,따다,JLPT Intermediate_Japanese JLPT_3 JLPT_2 Intermediate_Japanese_Ln.11,v$jA3Lrsi]
得る,うる,"얻다, 획득하다, 손에 넣다, 자기 것으로 하다",JLPT JLPT_2 JLPT_3,sT#y1FGTc!
円,えん,"엔, 원",JLPT JLPT_2 JLPT_3,lsb6<icN4?
延期,えんき,연기,JLPT JLPT_2 JLPT_3,DUXFS%Wd#v
演技,えんぎ,연기,JLPT JLPT_2 JLPT_3,IH<gd>zmOh
援助,えんじょ,원조,JLPT JLPT_2 JLPT_3,h`{I^&2VL&
エンジン,エンジン,엔진,JLPT JLPT_2 JLPT_3,qw.wG*b!Qa
演説,えんぜつ,연설,JLPT JLPT_2 JLPT_3,ubLUzysT08
演奏,えんそう,연주,JLPT JLPT_2 JLPT_3,G9]&KRGi[P
老い,おい,"늙음, 노년",JLPT JLPT_2 JLPT_3,"Hz1%S/^$?,"
追い付く,おいつく,따라잡다,JLPT JLPT_2 JLPT_3,g{~7a$v2sm
王,おう,왕,JLPT JLPT_2 JLPT_3,k#_<4ay=~G
追う,おう,뒤쫓다,JLPT JLPT_2 JLPT_3,x%>16|CvCA
応援,おうえん,응원,JLPT JLPT_2 JLPT_3,NDS^Ak)|LB
王様,おうさま,상감,JLPT JLPT_2 JLPT_3,nKPemrJ_V5
王子,おうじ,왕자,JLPT JLPT_2 JLPT_3,"L`,J_WL+]h"
応じる,おうじる,따르다,JLPT Intermediate_Japanese JLPT_3 JLPT_2 Intermediate_Japanese_Ln.14,"xK:s,vBFc7"
横断,おうだん,횡단,JLPT JLPT_2 JLPT_3,z/T^y6%uiO
終える,おえる,끝내다,JLPT JLPT_2 JLPT_3,"hO,Zn$Rx<F"
大いに,おおいに,"매우, 대단히",JLPT Intermediate_Japanese JLPT_3 JLPT_2 Intermediate_Japanese_Ln.13,fVz%iJ3-E?
覆う,おおう,덮다,JLPT JLPT_2 JLPT_3,Lm%oB!j+E)
大家,おおや,집주인,JLPT JLPT_2 JLPT_3,gc9}{t}#g|
丘,おか,언덕,JLPT JLPT_2 JLPT_3,j@=CkW8>0!
沖,おき,먼바다,JLPT JLPT_2 JLPT_3,d?Pt2wu__v
奥,おく,속,JLPT JLPT_2 JLPT_3,V}(}>#0tD
贈る,おくる,선물하다,JLPT JLPT_2 JLPT_3,rV3X4}6{nQ
起こる,おこる,나다,JLPT JLPT_2 JLPT_3,jY1}sGq4X}
押える,おさえる,잡다,JLPT JLPT_2 JLPT_3,Om1hU>MYS0
幼い,おさない,"어리다, 연소하다",JLPT JLPT_2 JLPT_3,uA[`]K&k.D
収める,おさめる,"저장하다, 지불하다, 공급하다",JLPT JLPT_2 JLPT_3,jL2$>p8($[
納める,おさめる,물다,JLPT JLPT_2 JLPT_3,I#wxPQAM&H
治める,おさめる,다스리다,JLPT JLPT_2 JLPT_3,Groy5Mh=b[
お辞儀,おじぎ,큰절,JLPT JLPT_2 JLPT_3,N&e8jCT!9`
お洒落,おしゃれ,치장,JLPT JLPT_2 JLPT_3,q1.@7#(;?<
お喋り,おしゃべり,"수다, 수다쟁이",JLPT JLPT_2 JLPT_3,J0fhZBKfSu
汚染,おせん,오염,JLPT JLPT_2 JLPT_3,I?+Cu[l]f]
恐らく,おそらく,아마도,JLPT JLPT_2 JLPT_3,kL/tl<Mv0J
恐れる,おそれる,"두려워하다, 무서워하다",JLPT JLPT_2 JLPT_3,x;Xt$GbU:n
恐ろしい,おそろしい,무섭다,JLPT JLPT_2 JLPT_3,JGyLnws+gz
教わる,おそわる,"배우다, 가르침을 받다",JLPT JLPT_2 JLPT_3,"j.|V-R,hM8"
お互い,おたがい,피차,JLPT Intermediate_Japanese JLPT_3 JLPT_2 Intermediate_Japanese_Ln.1,"I%(y!,oeu|"
穏やか,おだやか,평온,JLPT JLPT_2 JLPT_3,iQhH7HaHk_
男の人,おとこのひと,남자,JLPT JLPT_3 JLPT_2 Genki_Ln.7 Genki,Bqnqcw;5C8
大人しい,おとなしい,순하다,JLPT JLPT_2 JLPT_3,NiKO$K>WA9
劣る,おとる,뒤떨어지다,JLPT JLPT_2 JLPT_3,Kb0v_SukC>
鬼,おに,술래,JLPT JLPT_2 JLPT_3,Ewa5_MZt)z
帯,おび,"띠, 오비",JLPT JLPT_2 JLPT_3,x^<)4<JIn8
お昼,おひる,"점심, 정오",JLPT JLPT_2 JLPT_3,"QU,c7/WKET"
オフィス,オフィス,사무실,JLPT JLPT_2 JLPT_3,t+v1qGjm`2
溺れる,おぼれる,탐닉하다,JLPT JLPT_2 JLPT_3,L6mI#frmDD
お前,おまえ,당신,JLPT JLPT_2 JLPT_3,kiGe-uw>iW
おめでとう,おめでとう,축하합니다,JLPT JLPT_2 JLPT_3,IjwH:94kN^
お目に掛かる,おめにかかる,뵙다,JLPT JLPT_2 JLPT_3,O[qSUns&-f
思い付く,おもいつく,착상하다,JLPT JLPT_2 JLPT_3,phC=E!Uzsp
思い出,おもいで,"추억, 기억",JLPT JLPT_3 JLPT_2 Genki_Ln.23 Genki,C>r<Y|QfhA
主に,おもに,주로,JLPT JLPT_2 JLPT_3,KJv^Ck6t)-
思わず,おもわず,무심결,JLPT JLPT_2 JLPT_3,mqEM$vUJ]Z
泳ぎ,およぎ,헤엄,JLPT JLPT_2 JLPT_3,p%YEcD<#qK
およそ,およそ,약,JLPT JLPT_2 JLPT_3,cmb!OC{1dV
及ぼす,およぼす,"끼치다, 입히다",JLPT JLPT_2 JLPT_3,lC%7ty:^eB
下す,おろす,내리다,JLPT JLPT_2 JLPT_3,JRZI*AHd)D
降ろす,おろす,"떨어뜨리다, 내려놓다",JLPT JLPT_2 JLPT_3,PQD_mXy>W.
卸す,おろす,이기다,JLPT JLPT_2 JLPT_3,GT*kAh$cd0
音,おん,음,JLPT JLPT_2 JLPT_3,gkN]*wY]?s
恩,おん,은공,JLPT JLPT_2 JLPT_3,"A4Iq0-B@,;"
温暖,おんだん,온난,JLPT JLPT_2 JLPT_3,N&n<_QP1.Q
温度,おんど,온도,JLPT JLPT_2 JLPT_3,NA1Ge#l-~k
可,か,가,JLPT JLPT_2 JLPT_3,l:l&EInHym
蚊,か,모기,JLPT JLPT_3 JLPT_2 Genki Genki_Ln.21,j=4=()Uwi2
課,か,과,JLPT JLPT_2 JLPT_3,QQ1!.:!+a[
カー,カー,자동차,JLPT JLPT_2 JLPT_3,o!p+_Rb<h*
カード,カード,카드,JLPT JLPT_2 JLPT_3,"F,Np^@m5hi"
貝,かい,조개,JLPT JLPT_2 JLPT_3,HNd6/BU{>X
害,がい,해,JLPT JLPT_2 JLPT_3,g|Fzqe^$7$
会員,かいいん,회원,JLPT JLPT_2 JLPT_3,li]JQ4<Kd[
絵画,かいが,회화,JLPT JLPT_2 JLPT_3,emKUHOyrV`
海外,かいがい,해외,JLPT JLPT_2 JLPT_3,qq4=IgxkU<
会計,かいけい,"회계, 계산",JLPT JLPT_2 JLPT_3,bX?OL%f/L+
解決,かいけつ,해결,JLPT JLPT_2 JLPT_3,rmn(v?B?3g
会合,かいごう,모임,JLPT JLPT_2 JLPT_3,f9BQ|i/j|}
外交,がいこう,외교,JLPT JLPT_2 JLPT_3,A]90<@ohwE
開始,かいし,"개시, 시작",JLPT JLPT_2 JLPT_3,qgkolirBJK
解釈,かいしゃく,풀이,JLPT JLPT_2 JLPT_3,Ih/AkEg/|E
外出,がいしゅつ,외출,JLPT JLPT_2 JLPT_3,Ol@%UFQ/rD
改善,かいぜん,개선,JLPT JLPT_2 JLPT_3,fv+>GYURp:
快適,かいてき,쾌적,JLPT JLPT_2 JLPT_3,Bh^`k;OTy|
回復,かいふく,회복,JLPT JLPT_2 JLPT_3,wc6OB#:n9.
飼う,かう,치다,JLPT Genki_Ln.11 JLPT_3 JLPT_2 Genki,wfURRt4tC[
帰す,かえす,불러들이다,JLPT JLPT_2 JLPT_3,LZ<.!]FC|8
代える,かえる,바꾸다,JLPT JLPT_2 JLPT_3,Ccj6!`~jPu
替える,かえる,바꾸다,JLPT JLPT_2 JLPT_3,"Fv2F,v+u]8"
換える,かえる,바꾸다,JLPT JLPT_3 JLPT_2 Genki_Ln.23 Genki,mmtj;wD(Zd
反る,かえる,"휘다, 휘어지다, 구부러지다",JLPT JLPT_2 JLPT_3,"vDLMxa,sN/"
香り,かおり,향기,JLPT JLPT_2 JLPT_3,me}_g<26n*
画家,がか,화가,JLPT JLPT_2 JLPT_3,Pl:-st.KZ+
抱える,かかえる,안다,JLPT JLPT_2 JLPT_3,"PQR[r=WB$,"
価格,かかく,가격,JLPT JLPT_2 JLPT_3,xFP@p4LxH5
化学,かがく,화학,JLPT JLPT_2 JLPT_3,Sh/.K7MGJ
輝く,かがやく,빛나다,JLPT JLPT_2 JLPT_3,Dzyp)tD%e
係,かかり,어간의 하나,JLPT JLPT_2 JLPT_3,Q&QZSK._J<
罹る,かかる,병에 걸리다,JLPT JLPT_2 JLPT_3,h_Phc0xEm%
限る,かぎる,한정하다,JLPT JLPT_2 JLPT_3,Ku)jdi.uTn
掻く,かく,긁다,JLPT JLPT_2 JLPT_3,K):N$B19m+
描く,かく,그리다,JLPT JLPT_2 JLPT_3,grO;5{y}I|
嗅ぐ,かぐ,맡다,JLPT JLPT_2 JLPT_3,vaKqc&PyP9
家具,かぐ,가구,Genki_Ln.15 JLPT JLPT_3 JLPT_2 Genki,gqN}MYosw6
学,がく,글,JLPT JLPT_2 JLPT_3,w:XhV>-rir
額,がく,"금액, 액자",JLPT JLPT_2 JLPT_3,iG]&$wbDKv
覚悟,かくご,각오,JLPT JLPT_2 JLPT_3,j/*:m6x0J)
確実,かくじつ,확실; 확실한,JLPT JLPT_2 JLPT_3,Nzie2SM<&O
学者,がくしゃ,학자,JLPT JLPT_2 JLPT_3,RamhNRc=y:
学習,がくしゅう,학습,JLPT JLPT_2 JLPT_3,PHg7|5Zlfd
隠す,かくす,감추다,JLPT JLPT_2 JLPT_3,vMufH!:aAV
拡大,かくだい,확대,JLPT JLPT_2 JLPT_3,f7kQq91Ua<
確認,かくにん,확인,JLPT JLPT_2 JLPT_3,kk{ITQ}D*5
学問,がくもん,학문,JLPT JLPT_2 JLPT_3,Jk{+Uk9@=d
隠れる,かくれる,숨다,JLPT JLPT_2 JLPT_3,Iv9k~&!9Sa
影,かげ,그림자,JLPT JLPT_2 JLPT_3,e~q8TnSV#A
陰,かげ,그늘,JLPT JLPT_2 JLPT_3,JZ1GmL8t.y
欠ける,かける,"결하다, 부재하다",JLPT JLPT_2 JLPT_3,c*r`UH]nG8
加減,かげん,가감,JLPT JLPT_2 JLPT_3,h.?lP}8!)~
過去,かこ,과거,JLPT Intermediate_Japanese JLPT_3 JLPT_2 Intermediate_Japanese_Ln.13,"dbDE7?,;2l"
籠,かご,바구니,JLPT JLPT_2 JLPT_3,nt-Kbv73>]
囲む,かこむ,"싸다, 둘러치다",JLPT JLPT_2 JLPT_3,"AC8Gt39]%,"
火災,かさい,화재,JLPT JLPT_2 JLPT_3,C?jW[uV]~u
重なる,かさなる,"쌓이다, 겹치다",JLPT JLPT_2 JLPT_3,qEGvs]3ApH
重ねる,かさねる,포개다,JLPT JLPT_2 JLPT_3,i%7_$Pa~m]
飾り,かざり,장식,JLPT JLPT_2 JLPT_3,b$htguAWNP
貸し,かし,"빌려줌, 대여",JLPT JLPT_2 JLPT_3,hK1t$y~&<
菓子,かし,과자,JLPT JLPT_2 JLPT_3,uK+`Lg$t0E
家事,かじ,가정일,JLPT Intermediate_Japanese JLPT_3 JLPT_2 Intermediate_Japanese_Ln.14 Genki_Ln.22 Genki,oS4iCB;y-f
賢い,かしこい,"현명하다, 똑똑하다",JLPT JLPT_2 JLPT_3,rE7F6b61Rm
歌手,かしゅ,가수,JLPT Genki_Ln.11 JLPT_3 JLPT_2 Genki,NmC8EM=]mA
数,かず,숫자,JLPT Intermediate_Japanese JLPT_3 JLPT_2 Intermediate_Japanese_Ln.3,DD:chgc^KO
稼ぐ,かせぐ,벌다,JLPT JLPT_2 JLPT_3,rzTOas5wcB
数える,かぞえる,세다,JLPT JLPT_2 JLPT_3,J-q>{61#D9
型,かた,"체, 틀",JLPT JLPT_2 JLPT_3,p8F!A2no<N
肩,かた,어깨,JLPT JLPT_2 JLPT_3,dyYF&B&tH[
堅い,かたい,단단하다,JLPT JLPT_2 JLPT_3,Pf^;5Zn/;l
硬い,かたい,굳다,JLPT JLPT_2 JLPT_3,"A5A<hg!,v}"
方々,かたがた,분들,JLPT JLPT_2 JLPT_3,hkfynYZJHd
片付く,かたづく,정리되다,JLPT JLPT_2 JLPT_3,ijUQHB/ROv
刀,かたな,검,JLPT JLPT_2 JLPT_3,E>:sV*K^8H
語る,かたる,말하다,JLPT JLPT_2 JLPT_3,K~y=o(hWS(
勝ち,かち,"승리, 이김",JLPT JLPT_2 JLPT_3,f)TI}tuNi!
価値,かち,가치,JLPT JLPT_2 JLPT_3,B$%nCt/^FZ
がっかり,がっかり,실망하다,JLPT JLPT_2 JLPT_3,r9|(w>UYj4
活気,かっき,활기,JLPT Intermediate_Japanese JLPT_1 JLPT_3 JLPT_2 Intermediate_Japanese_Ln.10,HUA^lTjb!P
楽器,がっき,악기,JLPT Genki_Ln.13 JLPT_3 JLPT_2 Genki,zj[&tINbu_
学期,がっき,학기,JLPT JLPT_2 JLPT_3,rPinGb_30Q
活動,かつどう,활동,JLPT JLPT_2 JLPT_3,wt]>L`Ku^c
活躍,かつやく,활약,JLPT JLPT_2 JLPT_3,eCZu2QGL8i
活用,かつよう,활용,JLPT JLPT_2 JLPT_3,fVw4kRg|j)
仮定,かてい,가정,JLPT JLPT_2 JLPT_3,O=OdQ3=*sS
過程,かてい,과정,JLPT JLPT_2 JLPT_3,x/zB4*S269
課程,かてい,과정,JLPT JLPT_2 JLPT_3,"g,{yU7}}eo"
悲しむ,かなしむ,슬퍼하다,JLPT JLPT_2 JLPT_3,z^+]Gk=mf_
必ずしも,かならずしも,반드시,JLPT JLPT_2 JLPT_3,vW8w*Wj8S6
かなり,かなり,"꽤, 무던히",JLPT Intermediate_Japanese JLPT_3 JLPT_2 Intermediate_Japanese_Ln.7,zc@WXAK&cO
金,かね,돈,JLPT JLPT_2 JLPT_3,sL^]E[vBWQ
鐘,かね,종,JLPT JLPT_2 JLPT_3,uWo]p3>gV)
可能,かのう,가능,JLPT JLPT_2 JLPT_3,s89#AFndfj
株,かぶ,그루터기,JLPT JLPT_2 JLPT_3,i!::Yg?ZPB
被る,かぶる,쓰다,JLPT JLPT_2 JLPT_3,KZvZ3xJvf=
我慢,がまん,"참음, 인내",JLPT JLPT_2 JLPT_3,b.uAP*cO(_
上,かみ,위,JLPT JLPT_2 JLPT_3,B2f-z2M%?X
神,かみ,하느님,JLPT JLPT_2 JLPT_3,bOG}3!+.y2
雷,かみなり,우레,JLPT JLPT_2 JLPT_3,A`y:r{2n8V
髪の毛,かみのけ,머리,JLPT JLPT_2 JLPT_3,k>oV)Rt7]w
科目,かもく,과목,JLPT JLPT_2 JLPT_3,mt1}<&PDy^
かもしれない,かもしれない,"아마도, 아마도",JLPT JLPT_2 JLPT_3,"fXI7dlE,H5"
かゆい,かゆい,가렵다,JLPT JLPT_2 JLPT_3,i@bIkK/P`w
歌謡,かよう,가요,JLPT JLPT_2 JLPT_3,B8j5MHOl3a
空,から,공-,JLPT JLPT_2 JLPT_3,"LiJsM!pT#,"
殻,から,깍지,JLPT JLPT_2 JLPT_3,"F87p.DC4,p"
柄,がら,무늬,JLPT JLPT_2 JLPT_3,uk^tW>*afz
刈る,かる,깎다,JLPT JLPT_2 JLPT_3,ON/-tkLwG!
河,かわ,강,JLPT JLPT_2 JLPT_3,mIM2jXP:@M
皮,かわ,"가죽, 통가죽",JLPT JLPT_2 JLPT_3,C<.^aCL_QG
革,かわ,가죽,JLPT JLPT_2 JLPT_3,z`KQfm{h;f
可愛そう,かわいそう,불쌍함; 불쌍하다,JLPT JLPT_2 JLPT_3,jCbD|/Ou5e
可愛らしい,かわいらしい,사랑스럽다,JLPT JLPT_2 JLPT_3,KYl^v5PK_;
乾かす,かわかす,말리다,JLPT JLPT_2 JLPT_3,JoU47]zU{d
渇く,かわく,"목마르다, 마르다",JLPT JLPT_2 JLPT_3,g:zQk;6g:U
代る,かわる,대신하다,JLPT JLPT_2 JLPT_3,f9j%&rI)[J
缶,かん,"캔, 깡통",JLPT_1 JLPT JLPT_2 JLPT_3,fnx%_qW>Wk
勘,かん,"눈치, 눈치코치",JLPT JLPT_2 JLPT_3,lle<t+CbfW
考え,かんがえ,생각,JLPT JLPT_2 JLPT_3,ry3gkU$VWf
感覚,かんかく,감각,JLPT JLPT_2 JLPT_3,"p)VaZN,wP="
間隔,かんかく,간격,JLPT JLPT_2 JLPT_3,qbs8.xdCB<
観客,かんきゃく,관객,JLPT Intermediate_Japanese JLPT_3 JLPT_2 Intermediate_Japanese_Ln.7,j%h6<&[KnW
環境,かんきょう,환경,JLPT JLPT_3 JLPT_2 Genki Genki_Ln.21,v:iQ;XlPLV
歓迎,かんげい,환영,JLPT Intermediate_Japanese JLPT_3 JLPT_2 Intermediate_Japanese_Ln.5,e6r/_jeu;I
観光,かんこう,관광,Genki_Ln.15 JLPT JLPT_3 JLPT_2 Genki,n*g6UOKH98
観察,かんさつ,관찰,JLPT JLPT_2 JLPT_3,q)XNacsL_{
感じ,かんじ,느낌,JLPT JLPT_2 JLPT_3,w_sfjfQ#7V
感謝,かんしゃ,감사,JLPT JLPT_2 JLPT_3,H)_*dziOH#
患者,かんじゃ,환자,JLPT Intermediate_Japanese JLPT_3 JLPT_2 Intermediate_Japanese_Ln.12,ow]ljz^dy0
勘定,かんじょう,계산,JLPT JLPT_2 JLPT_3,lT@?`jcn/-
感情,かんじょう,감정,JLPT JLPT_2 JLPT_3,KwSZ]};@<N
感じる,かんじる,감각하다,JLPT JLPT_2 JLPT_3,"tat.#S,YWC"
感心,かんしん,감복,JLPT JLPT_2 JLPT_3,Ll7N}.KB!4
関心,かんしん,관심,JLPT JLPT_2 JLPT_3,ugNZxV5.;6
関する,かんする,관하다,JLPT JLPT_2 JLPT_3,j?=:~N:vEw
完成,かんせい,완성,JLPT JLPT_2 JLPT_3,Gz+d-Na>Wq
完全,かんぜん,완전,JLPT JLPT_2 JLPT_3,"mx8.$z,opn"
乾燥,かんそう,건조,JLPT JLPT_2 JLPT_3,o&PKDt@8.N
感想,かんそう,"감상, 소감",JLPT Intermediate_Japanese JLPT_3 JLPT_2 Intermediate_Japanese_Ln.11,LSEXg:S7:(
感動,かんどう,감동,JLPT JLPT_2 JLPT_3,mO)}<zEdx8
監督,かんとく,감독,JLPT Intermediate_Japanese JLPT_3 JLPT_2 Intermediate_Japanese_Ln.7,J6H&uZ7Px>
管理,かんり,관리,JLPT JLPT_2 JLPT_3,GKHgUyo>J7
完了,かんりょう,완료,JLPT JLPT_2 JLPT_3,nU7gs|>hqI
関連,かんれん,연관,JLPT JLPT_2 JLPT_3,qM07gcK[)f
議員,ぎいん,의원,JLPT JLPT_2 JLPT_3,HgQ-~|%58x
記憶,きおく,기억,JLPT JLPT_2 JLPT_3,"E,/>3<s?|+"
気温,きおん,기온,JLPT Genki_Ln.12 JLPT_3 JLPT_2 Genki,BBA~snq[*i
機械,きかい,기계,JLPT Intermediate_Japanese JLPT_3 JLPT_2 Intermediate_Japanese_Ln.14,"gbY2LYN_B,"
器械,きかい,기기,JLPT JLPT_2 JLPT_3,l7Ho]DDWuu
議会,ぎかい,의회,JLPT JLPT_2 JLPT_3,lGMTgzdnaN
期間,きかん,기간,JLPT JLPT_2 JLPT_3,iw;V~SjnTE
機関,きかん,기관,JLPT JLPT_2 JLPT_3,OOR48r}N5c
企業,きぎょう,"기업, 기업체",JLPT Intermediate_Japanese JLPT_3 JLPT_2 Intermediate_Japanese_Ln.14,"m,c9$UCg]/"
効く,きく,먹혀들다,JLPT JLPT_2 JLPT_3,LC`=c%l]6(
期限,きげん,기한,JLPT JLPT_2 JLPT_3,DXtaD5za4M
機嫌,きげん,"기분, 심기; 안부",JLPT JLPT_2 JLPT_3,g?wFVr$Cb>
気候,きこう,기후,JLPT JLPT_2 JLPT_3,zi^=GdE6J`
岸,きし,낭떠러지,JLPT JLPT_2 JLPT_3,hm_._Qp@I~
生地,きじ,"감, 바탕천",JLPT JLPT_2 JLPT_3,0J|w~z~jj
記事,きじ,기사,JLPT JLPT_2 JLPT_3,D?VHH^x3x^
技師,ぎし,엔지니어,JLPT JLPT_2 JLPT_3,u=&Ix|N:mj
記者,きしゃ,기자,JLPT Intermediate_Japanese JLPT_3 JLPT_2 Intermediate_Japanese_Ln.15,L%Xdco]ND%
傷,きず,상처,JLPT JLPT_2 JLPT_3,Q?7OEINT{!
期待,きたい,"기대, 기대치",JLPT JLPT_2 JLPT_3,q|E5|~(~TI
気体,きたい,기체,JLPT JLPT_2 JLPT_3,BVN])vG*1F
帰宅,きたく,귀가,JLPT JLPT_2 JLPT_3,z!%Pu#*l7[
貴重,きちょう,귀중한,JLPT JLPT_2 JLPT_3,i#)MEqHOiw
議長,ぎちょう,의장,JLPT JLPT_2 JLPT_3,ivgef2]KwO
きちんと,きちんと,잘,JLPT JLPT_2 JLPT_3,"r#L,S)sfK&"
きつい,きつい,"되다, 째다",JLPT JLPT_2 JLPT_3,j)>u~$9^*r
気付く,きづく,의식하다,JLPT JLPT_2 JLPT_3,xDh?wq7iT8
気に入る,きにいる,"탐탁하다, 마땅하다, 마뜩하다",JLPT JLPT_2 JLPT_3,"uegN*W,m$w"
記入,きにゅう,기입,JLPT JLPT_2 JLPT_3,vlEX%x--1.
記念,きねん,기념,JLPT JLPT_2 JLPT_3,H8>Vf=G.}w
機能,きのう,기능,JLPT JLPT_2 JLPT_3,QB(9=:5m2@
気の毒,きのどく,"딱함, 안타까움",JLPT JLPT_2 JLPT_3,qiFq+*QK@q
寄付,きふ,기부,JLPT JLPT_2 JLPT_3,P<<3-~akkr
希望,きぼう,소원,JLPT Intermediate_Japanese JLPT_3 JLPT_2 Intermediate_Japanese_Ln.3,"rKl|qTb,g-"
基本,きほん,기본,JLPT Intermediate_Japanese JLPT_3 JLPT_2 Intermediate_Japanese_Ln.15,r&MTg)%4_-
決まり,きまり,"규정, 법",JLPT JLPT_2 JLPT_3,DmsWlm^9ML
気味,きみ,"기미, 경향",JLPT JLPT_2 JLPT_3,iNru&P?85/
奇妙,きみょう,기묘; 기묘한,JLPT JLPT_2 JLPT_3,LWN?@8(b&a
義務,ぎむ,의무,JLPT JLPT_2 JLPT_3,Da7kYMio|S
疑問,ぎもん,의문,JLPT JLPT_2 JLPT_3,zRRFu?JoKE
逆,ぎゃく,역,JLPT JLPT_2 JLPT_3,EiDH#>VXk9
キャプテン,キャプテン,주장,JLPT JLPT_2 JLPT_3,pQT]>v52;$
キャンプ,キャンプ,캠프,JLPT Genki_Ln.11 JLPT_3 JLPT_2 Genki,F4[L_8oSn
旧,きゅう,접두사의 하나; 옛~,JLPT JLPT_2 JLPT_3,wKI{_3LgUf
級,きゅう,급,JLPT JLPT_2 JLPT_3,ywhuZF1TJ0
球,きゅう,공,JLPT JLPT_2 JLPT_3,P<LmV^}EUI
休暇,きゅうか,휴가,JLPT Intermediate_Japanese JLPT_3 JLPT_2 Intermediate_Japanese_Ln.1,HtR8NVhhfe
休憩,きゅうけい,휴식,JLPT JLPT_2 JLPT_3,M?^9bN:14o
急激,きゅうげき,급격함,JLPT JLPT_2 JLPT_3,bR.b24bzOE
吸収,きゅうしゅう,흡수,JLPT JLPT_2 JLPT_3,uP}=0<A&zm
救助,きゅうじょ,구조,JLPT JLPT_2 JLPT_3,x{|!Zu?h8!
急速,きゅうそく,급속도,JLPT JLPT_2 JLPT_3,H*fw]->cqe
休息,きゅうそく,휴식,JLPT JLPT_2 JLPT_3,mFQb-ci%=n
急に,きゅうに,성큼,JLPT JLPT_2 JLPT_3,nbPHpp}wLe
給料,きゅうりょう,급여,Genki_Ln.17 JLPT JLPT_3 JLPT_2 Genki,bFBKO):>Pu
器用,きよう,"손재주 있음, 능숙함",JLPT JLPT_2 JLPT_3,j>:wz+YD-O
教科書,きょうかしょ,교과서,JLPT Intermediate_Japanese JLPT_3 JLPT_2 Genki_Ln.6 Intermediate_Japanese_Ln.13 Genki,kkoTF|;.kp
競技,きょうぎ,경기,JLPT JLPT_2 JLPT_3,c3-]g>CAR$
行儀,ぎょうぎ,버릇,JLPT JLPT_2 JLPT_3,yCsCHa$b|3
供給,きょうきゅう,공급,JLPT JLPT_2 JLPT_3,H.&4r-|xC*
教授,きょうじゅ,교수,JLPT JLPT_2 JLPT_3,j9WXPp%y<F
強調,きょうちょう,강조,JLPT JLPT_2 JLPT_3,ekVG@ic`Qc
共通,きょうつう,공통,JLPT JLPT_2 JLPT_3,iNbpa<XIBY
共同,きょうどう,공동,JLPT JLPT_2 JLPT_3,M&4X!=%k6!
恐怖,きょうふ,무서움,JLPT JLPT_2 JLPT_3,E^f~?uHKoJ
協力,きょうりょく,협력,JLPT JLPT_2 JLPT_3,C?Z%aW?GmJ
強力,きょうりょく,강력,JLPT JLPT_2 JLPT_3,"o`2(1ZfJ,z"
許可,きょか,허가,JLPT Intermediate_Japanese JLPT_3 JLPT_2 Intermediate_Japanese_Ln.4,xgOJVyt)!-
局,きょく,"사무실, 지국, 방송국(TV, 라디오)",JLPT JLPT_2 JLPT_3,tQ0a`!@5U(
巨大,きょだい,거대,JLPT JLPT_2 JLPT_3,"xA&bS[Q4,y"
嫌う,きらう,"미워하다, 싫어하다",JLPT JLPT_2 JLPT_3,br%KM$_?V3
霧,きり,안개,JLPT JLPT_2 JLPT_3,xhY3{w-]xD
切れ,きれ,"토막, 도막",JLPT JLPT_2 JLPT_3,no-N<tQ].O
切れる,きれる,"들다, 먹다",JLPT JLPT_2 JLPT_3,vq3fa)$([j
記録,きろく,기록,JLPT JLPT_2 JLPT_3,E9&**2T5hb
議論,ぎろん,의논,JLPT JLPT_2 JLPT_3,tHrivglW.I
金,きん,금,JLPT JLPT_2 JLPT_3,}{gI`5unu
銀,ぎん,은,JLPT JLPT_2 JLPT_3,r=)`V@J5eU
禁煙,きんえん,금연,JLPT JLPT_2 JLPT_3,O$<^K)0$)}
金額,きんがく,금액,JLPT JLPT_2 JLPT_3,"MF#,QebEjl"
金庫,きんこ,금고,JLPT JLPT_2 JLPT_3,fW#b}db?aR
禁止,きんし,금지,JLPT JLPT_2 JLPT_3,Gdm1sTV(+-
金銭,きんせん,"금전, 돈",JLPT JLPT_2 JLPT_3,gfWr=5X>7*
金属,きんぞく,금속,JLPT JLPT_2 JLPT_3,y9?7a-hRGY
近代,きんだい,근대,JLPT JLPT_2 JLPT_3,":<%,Q>)l%"
緊張,きんちょう,긴장,JLPT JLPT_2 JLPT_3,G?ovKqSJ{(
筋肉,きんにく,근육,JLPT JLPT_2 JLPT_3,rIZ[8xFGmr
金融,きんゆう,금융,JLPT JLPT_2 JLPT_3,ft);I1go9:
句,く,구절,JLPT JLPT_2 JLPT_3,s#j6K^u/Ut
食う,くう,"처먹다, 잡아먹다",JLPT JLPT_2 JLPT_3,m^2{l`XD/G
偶然,ぐうぜん,우연히,JLPT Intermediate_Japanese JLPT_3 JLPT_2 Intermediate_Japanese_Ln.4,Bjglx^BH1F
臭い,くさい,"쾨쾨하다, 퀴퀴하다",JLPT JLPT_2 JLPT_3,wHN8;QJo.]
鎖,くさり,사슬,JLPT JLPT_2 JLPT_3,cOg]TL4|L&
腐る,くさる,곯다,JLPT JLPT_2 JLPT_3,u_}*Hl&WiO
癖,くせ,"버릇, 성벽",JLPT JLPT_2 JLPT_3,Ae-]tyqPg+
管,くだ,대롱,JLPT JLPT_2 JLPT_3,pL(+IcFnzy
具体,ぐたい,구체,JLPT JLPT_2 JLPT_3,j&j}xVZwy2
下り,くだり,하행,JLPT JLPT_2 JLPT_3,ll}#-y;}nb
下る,くだる,내려가다,JLPT JLPT_2 JLPT_3,J8{HBuKP{o
苦痛,くつう,고통,JLPT JLPT_2 JLPT_3,"gHRe}_+,oB"
ぐっすり,ぐっすり,곤히,JLPT JLPT_2 JLPT_3,p-l^nopeNF
区別,くべつ,구별,JLPT JLPT_2 JLPT_3,BvvL(+LdQJ
組,くみ,학급,JLPT JLPT_2 JLPT_3,Eo]xBl)F72
組合,くみあい,조합,JLPT JLPT_2 JLPT_3,yqy^)Y;[n3
組む,くむ,끼다,JLPT JLPT_2 JLPT_3,drFT5_xS_C
汲む,くむ,긷다,JLPT JLPT_2 JLPT_3,Q)1C!FL!I~
酌む,くむ,술을 따르다,JLPT JLPT_2 JLPT_3,46h2Xe@mx
悔しい,くやしい,"분하다, 억울하다",JLPT JLPT_2 JLPT_3,rlXMK!]p!4
位,くらい,언저리,JLPT JLPT_2 JLPT_3,n?/Ib+~G&7
暮らし,くらし,"살림, 살림살이",JLPT Intermediate_Japanese JLPT_3 JLPT_2 Intermediate_Japanese_Ln.13,ur3R:N98HP
クラシック,クラシック,클래식,JLPT JLPT_2 JLPT_3,gWD`rMx`.V
暮らす,くらす,지내다,JLPT Intermediate_Japanese JLPT_3 JLPT_2 Intermediate_Japanese_Ln.11,uz%a*.FY`[
グラス,グラス,유리잔,JLPT JLPT_2 JLPT_3,"o%;,f2E00;"
グランド,グランド,운동장; 대지; 그랜드,JLPT JLPT_2 JLPT_3,y<]BSgg>1B
クリーム,クリーム,크림,JLPT JLPT_2 JLPT_3,x%D6yIVKeG
繰り返す,くりかえす,되풀이하다,JLPT JLPT_2 JLPT_3,x/V;r?ugpG
クリスマス,クリスマス,"성탄, 성탄절",JLPT Genki_Ln.14 JLPT_3 JLPT_2 Genki,qJB4cU<;.M
狂う,くるう,미치다,JLPT JLPT_2 JLPT_3,LFsc7Cxxu?
グループ,グループ,그룹,JLPT JLPT_2 JLPT_3,ml-qdb`4u(
苦しい,くるしい,괴롭다,JLPT Intermediate_Japanese JLPT_3 JLPT_2 Intermediate_Japanese_Ln.15,o9TWr2(ugU
苦しむ,くるしむ,쪼들리다,JLPT JLPT_2 JLPT_3,JPH_;zI]Eb
暮れ,くれ,해 질 무렵; 연말,JLPT JLPT_2 JLPT_3,J-H`.dV)Ya
苦労,くろう,개고생,JLPT Intermediate_Japanese JLPT_3 JLPT_2 Intermediate_Japanese_Ln.14,Qg]J+:tq@n
加える,くわえる,더하다,JLPT JLPT_2 JLPT_3,uHR{k-Ggpv
咥える,くわえる,입에 물다,JLPT JLPT_2 JLPT_3,MP^AZ7xeUw
詳しい,くわしい,정통하다,JLPT Intermediate_Japanese JLPT_3 JLPT_2 Intermediate_Japanese_Ln.8,OydH!z!UV$
加わる,くわわる,동참하다,JLPT JLPT_2 JLPT_3,C1e@=>t]o?
訓,くん,훈,JLPT JLPT_2 JLPT_3,bzc~15=D>r
軍,ぐん,군대,JLPT JLPT_2 JLPT_3,snlGor1;5B
郡,ぐん,군,JLPT JLPT_2 JLPT_3,bXy5Bz>=dm
軍隊,ぐんたい,군대,JLPT JLPT_2 JLPT_3,ztU9>^6)?#
訓練,くんれん,훈련,JLPT JLPT_2 JLPT_3,FBWzrhuPIY
下,げ,아래,JLPT JLPT_2 JLPT_3,JgwryRe;fM
計,けい,계,JLPT JLPT_2 JLPT_3,oeGx?<asd*
敬意,けいい,경의,JLPT JLPT_2 JLPT_3,PG>aot:bo~
経営,けいえい,경영,JLPT JLPT_2 JLPT_3,b~su7M=0~@
景気,けいき,경기,JLPT JLPT_2 JLPT_3,Ju%`{&u<L~
傾向,けいこう,"추세, 경향",JLPT JLPT_2 JLPT_3,j=d#Ly-}f$
警告,けいこく,경고,JLPT JLPT_2 JLPT_3,6frcgbqoo
計算,けいさん,계산,JLPT JLPT_2 JLPT_3,uhjx!mhsp>
掲示,けいじ,게시,JLPT JLPT_2 JLPT_3,k:vtm*1T8E
刑事,けいじ,형사,JLPT JLPT_2 JLPT_3,e8dFatK7SV
芸術,げいじゅつ,예술,JLPT Intermediate_Japanese JLPT_3 JLPT_2 Intermediate_Japanese_Ln.10,pxydrozlB3
契約,けいやく,계약,JLPT JLPT_2 JLPT_3,rb+qu;iaOF
経由,けいゆ,기착지,JLPT JLPT_2 JLPT_3,iaYgH/NFbB
ケース,ケース,케이스,JLPT_1 JLPT JLPT_2 JLPT_3,tQq4Ps7@D>
ゲーム,ゲーム,"게임, 놀이",JLPT JLPT_2 JLPT_3,"f6tl8,95d0"
劇,げき,극,JLPT JLPT_2 JLPT_3,Fj4m~K@AaE
劇場,げきじょう,극장,JLPT JLPT_2 JLPT_3,]#<%*v<%(
化粧,けしょう,화장,JLPT JLPT_2 JLPT_3,kU@d`$tb#v
けち,けち,"구두쇠, 짠돌이",JLPT JLPT_2 JLPT_3,s#8[d||F]p
血液,けつえき,피,JLPT JLPT_2 JLPT_3,hvJ?D%;5l%
結果,けっか,결과,JLPT Intermediate_Japanese JLPT_3 JLPT_2 Intermediate_Japanese_Ln.5,uus~EAck7g
欠陥,けっかん,결함,JLPT JLPT_2 JLPT_3,"JPtOP,>ga["
結局,けっきょく,필경,JLPT JLPT_2 JLPT_3,jyia6$GYCZ
決心,けっしん,"결의, 작심",JLPT JLPT_2 JLPT_3,c0O1]G99<]
欠席,けっせき,결석,JLPT JLPT_2 JLPT_3,C}LnP5iu4O
決定,けってい,결정,JLPT JLPT_2 JLPT_3,"Jp:0Ai2,VX"
欠点,けってん,결점,JLPT JLPT_2 JLPT_3,M9`w:3e`~]
結論,けつろん,결론,JLPT JLPT_2 JLPT_3,iMXuHup!!R
煙,けむり,연기,JLPT JLPT_2 JLPT_3,lSxqx7`C*~
蹴る,ける,"차다, 박차다",JLPT JLPT_3 JLPT_2 Genki Genki_Ln.21,MV$~w0X!y2
券,けん,표,JLPT JLPT_2 JLPT_3,hb?hf::?yp
県,けん,(행정구역) 현,JLPT Intermediate_Japanese JLPT_3 JLPT_2 Intermediate_Japanese_Ln.7,MN<nt8!(02
見解,けんかい,견해,JLPT JLPT_2 JLPT_3,G#%jy:[3F!
限界,げんかい,한계,JLPT JLPT_2 JLPT_3,JaoBjFZQ]<
現金,げんきん,현금,JLPT Intermediate_Japanese JLPT_3 JLPT_2 Intermediate_Japanese_Ln.9,v>1Aj:QNui
言語,げんご,언어,JLPT JLPT_2 JLPT_3,ejQbjwn<j/
健康,けんこう,건강,JLPT JLPT_2 JLPT_3,n11FRELGTJ
検査,けんさ,검사,JLPT JLPT_2 JLPT_3,JUjY[Ey:u:
現在,げんざい,현재,JLPT Intermediate_Japanese JLPT_3 JLPT_2 Intermediate_Japanese_Ln.12,w(.$MQ!&Z<
現実,げんじつ,현실,JLPT JLPT_2 JLPT_3,F232?ww;iJ
現象,げんしょう,현상,JLPT JLPT_2 JLPT_3,FyKmxf<-vO
現状,げんじょう,현상,JLPT JLPT_2 JLPT_3,N|BEb?m$K?
建設,けんせつ,건설,JLPT JLPT_2 JLPT_3,znx=MK$=96
現代,げんだい,현대,JLPT JLPT_2 JLPT_3,fu)f(:6JAs
建築,けんちく,건축,JLPT JLPT_2 JLPT_3,"NM6eAgwD,T"
見当,けんとう,어림짐작,JLPT JLPT_2 JLPT_3,t]}1Fz~P+l
検討,けんとう,검토,JLPT JLPT_2 JLPT_3,Qr-3$@5oy:
現場,げんば,현장,JLPT JLPT_2 JLPT_3,pPYxD+.Tt<
憲法,けんぽう,헌법,JLPT JLPT_2 JLPT_3,Pt+Ua9}uUU
権利,けんり,권리,JLPT JLPT_2 JLPT_3,BlH<4P^#PV
後,ご,"뒤, 이후; (시간) 앞",JLPT JLPT_2 JLPT_3,NFyG.<z1HC
碁,ご,바둑,JLPT JLPT_2 JLPT_3,e~/B8i!5F)
恋,こい,사랑,JLPT JLPT_2 JLPT_3,I%Sh/ap#4{
濃い,こい,"톡톡하다, 걸다",JLPT JLPT_2 JLPT_3,cR>i$T~1vO
恋人,こいびと,애인,JLPT Intermediate_Japanese JLPT_3 JLPT_2 Intermediate_Japanese_Ln.9,"lgn5l,{H`B"
幸運,こううん,행운,JLPT JLPT_2 JLPT_3,u*FUt2q$fc
講演,こうえん,강연,JLPT Intermediate_Japanese JLPT_3 JLPT_2 Intermediate_Japanese_Ln.15,"vP=[7BPl,E"
効果,こうか,효과,JLPT JLPT_2 JLPT_3,vT0BrdLKhF
硬貨,こうか,주화,JLPT JLPT_2 JLPT_3,"qBE<@>&,:4"
高価,こうか,고가,JLPT JLPT_2 JLPT_3,J01j$uto]T
豪華,ごうか,호화,JLPT JLPT_2 JLPT_3,VKR/XQP(/
合格,ごうかく,합격,JLPT JLPT_2 JLPT_3,wSq<0USuY5
交換,こうかん,교환,JLPT JLPT_2 JLPT_3,FoW0]ZL+c.
航空,こうくう,항공,JLPT JLPT_2 JLPT_3,gKh#|Nhux
光景,こうけい,광경,JLPT JLPT_2 JLPT_3,uTN)wO>N*m
合計,ごうけい,합계,JLPT JLPT_2 JLPT_3,z@(R~.`dKi
攻撃,こうげき,공격,JLPT JLPT_2 JLPT_3,fbxr=B^K{z
貢献,こうけん,기여,JLPT JLPT_2 JLPT_3,im57ib}9qS
広告,こうこく,광고,JLPT Genki_Ln.13 Intermediate_Japanese JLPT_3 JLPT_2 Intermediate_Japanese_Ln.15 Genki,qa5XPpB~K$
交際,こうさい,상종,JLPT JLPT_2 JLPT_3,nH$6L6<H;R
校舎,こうしゃ,교사,JLPT JLPT_2 JLPT_3,x5W<B+BK>R
後者,こうしゃ,후자,JLPT JLPT_2 JLPT_3,kUquk|vi;&
工場,こうば,공장,JLPT JLPT_2 JLPT_3,"kU8AM-,iY!"
公正,こうせい,공정,JLPT JLPT_2 JLPT_3,N@!)sH2_75
構成,こうせい,짜임,JLPT JLPT_2 JLPT_3,Fd-KLO&b~!
高速,こうそく,고속,JLPT JLPT_2 JLPT_3,"B,HIrwQ4QK"
行動,こうどう,"행동, 행위",JLPT JLPT_2 JLPT_3,Q_m+2cq0*[
強盗,ごうとう,"강도, 강도질",JLPT JLPT_2 JLPT_3,lC8A_#]SF+
後輩,こうはい,후배,JLPT JLPT_3 JLPT_2 Genki_Ln.22 Genki,exC.)`@)h[
幸福,こうふく,행복,JLPT JLPT_2 JLPT_3,KnC^{e}c.-
公平,こうへい,공평,JLPT JLPT_2 JLPT_3,"HfCG]C,9b3"
候補,こうほ,후보,JLPT JLPT_2 JLPT_3,jI7M_ck/=4
考慮,こうりょ,고려,JLPT JLPT_2 JLPT_3,ORy-9jIY.M
越える,こえる,초과하다,JLPT JLPT_2 JLPT_3,Ps<w%<}`Nz
超える,こえる,초과하다,JLPT JLPT_2 JLPT_3,rn/xivT%1v
コーチ,コーチ,코치,JLPT JLPT_2 JLPT_3,E.482d:D0W
コード,コード,코드,JLPT JLPT_2 JLPT_3,QKH0$=zpP3
氷,こおり,"얼음, 얼음장",JLPT JLPT_2 JLPT_3,jVp@v3rS)h
凍る,こおる,얼다,JLPT JLPT_2 JLPT_3,A<P8Ao~%+S
ゴール,ゴール,(축구) 골,JLPT JLPT_2 JLPT_3,PTY>]PCTXK
誤解,ごかい,오해,JLPT Intermediate_Japanese JLPT_3 JLPT_2 Intermediate_Japanese_Ln.15,FY37~etpV/
語学,ごがく,어학,JLPT Intermediate_Japanese JLPT_3 JLPT_2 Intermediate_Japanese_Ln.8,lSZ`^u4$^l
呼吸,こきゅう,호흡,JLPT JLPT_2 JLPT_3,HYaR{=4wss
故郷,こきょう,"촌, 향토",JLPT JLPT_2 JLPT_3,x[p9$Yy?#r
極,ごく,"극히, 매우",JLPT JLPT_2 JLPT_3,x-os]7T;c
国語,こくご,"우리글, 우리말",JLPT JLPT_2 JLPT_3,P(9q-`0&O-
国籍,こくせき,국적,JLPT JLPT_2 JLPT_3,r.}Cb086.1
黒板,こくばん,칠판,JLPT Intermediate_Japanese JLPT_3 JLPT_2 Intermediate_Japanese_Ln.13,gM[VFRJO/m
克服,こくふく,극복,JLPT JLPT_2 JLPT_3,cg-)t|ngzK
国民,こくみん,국민,JLPT JLPT_2 JLPT_3,K+q@X-WIB[
穀物,こくもつ,양곡,JLPT JLPT_2 JLPT_3,EVuq#tu]8|
腰,こし,"허리, 허리춤",JLPT JLPT_2 JLPT_3,m<9C4|i/Uj
胡椒,こしょう,후추,JLPT JLPT_2 JLPT_3,b)_&^<=JnX
個人,こじん,개인,JLPT Intermediate_Japanese JLPT_3 JLPT_2 Intermediate_Japanese_Ln.14,xJ9*Qc)q|;
越す,こす,넘어가다,JLPT JLPT_2 JLPT_3,N~a2o@b;S|
超す,こす,"넘다, 초과하다",JLPT JLPT_2 JLPT_3,E.}3vgSSP~
国家,こっか,"국가, 나라",JLPT JLPT_2 JLPT_3,g^&ilH.z=f
国会,こっかい,국회,JLPT JLPT_2 JLPT_3,xLo2`0x`}C
国境,こっきょう,국경,JLPT JLPT_2 JLPT_3,"ni,}~dk?wC"
骨折,こっせつ,골절,JLPT JLPT_2 JLPT_3,KXTKU$f!R4
小包,こづつみ,소포,JLPT JLPT_2 JLPT_3,EPSe<f!:WV
琴,こと,고토(일본 전통 현악기),JLPT JLPT_2 JLPT_3,lswbJ>f(+[
異なる,ことなる,다르다,JLPT JLPT_2 JLPT_3,GI=<w6vpiE
諺,ことわざ,속담,JLPT JLPT_2 JLPT_3,NY!nEVJ<.6
断る,ことわる,"거부하다, 거절하다",JLPT JLPT_2 JLPT_3,g8Tps~wm2h
粉,こな,가루,JLPT JLPT_2 JLPT_3,"w.,c]65Xdw"
好み,このみ,취향,JLPT JLPT_2 JLPT_3,gist9XPg!/
好む,このむ,좋아하다,JLPT JLPT_2 JLPT_3,O)%aoWh139
こぼす,こぼす,흘리다,JLPT JLPT_2 JLPT_3,eD]eIT[NNo
こぼれる,こぼれる,"넘치다, 흘러나오다",JLPT JLPT_2 JLPT_3,D8@l08%7LL
塵,ごみ,먼지,JLPT JLPT_2 JLPT_3,A^PPEPy8?0
小麦,こむぎ,밀,JLPT JLPT_2 JLPT_3,QFa;ZcAclR
ごめんなさい,ごめんなさい,미안합니다,JLPT JLPT_3 JLPT_2 Genki_Ln.4 Genki,fxa7^/$d15
小屋,こや,"오두막, 오두막집",JLPT JLPT_2 JLPT_3,L1:(fi`+1`
これら,これら,이것들,JLPT JLPT_2 JLPT_3,bJ5Dn}}2bE
殺す,ころす,죽이다,JLPT JLPT_2 JLPT_3,FEbGULqZc5
転ぶ,ころぶ,넘어지다,JLPT Genki_Ln.18 JLPT_3 JLPT_2 Genki,fb9L+KGLPL
今回,こんかい,이번,JLPT JLPT_2 JLPT_3,v>V@:|&Nyu
今後,こんご,이후,JLPT JLPT_2 JLPT_3,"i[%,=_sR{<"
混雑,こんざつ,혼잡,JLPT JLPT_2 JLPT_3,nJ8&5%w5iO
こんなに,こんなに,이리,JLPT JLPT_2 JLPT_3,yp0~/ynI.y
困難,こんなん,곤란,JLPT JLPT_2 JLPT_3,d&:m/eYAE}
今日,こんにち,"오늘, 오늘날",JLPT JLPT_2 JLPT_3,v>M{d#cP&m
こんにちは,こんにちは,안녕하세요. (낮에 쓰는 인사),JLPT JLPT_2 JLPT_3,v[Wf5IN)l&
婚約,こんやく,약혼,JLPT JLPT_2 JLPT_3,"K{EyJ!,l%Q"
混乱,こんらん,혼란,JLPT JLPT_2 JLPT_3,"FayR37Z,t-"
差,さ,차이,JLPT JLPT_2 JLPT_3,FOmfV#Q?35
サービス,サービス,서비스,JLPT JLPT_2 JLPT_3,bg5_R(4_L^
際,さい,"때, 즈음, 기회",JLPT JLPT_2 JLPT_3,Nv+d+Us](G
最高,さいこう,최고,JLPT JLPT_2 JLPT_3,"Onra,t[Ph&"
財産,ざいさん,자산,JLPT JLPT_2 JLPT_3,s;c/9B[#a4
最終,さいしゅう,"최종, 최후",JLPT JLPT_2 JLPT_3,flW!HkNC&a
最中,さいちゅう,~의 중간에,JLPT JLPT_2 JLPT_3,Ek!(iCG2TX
最低,さいてい,"최저, 못하다",Genki_Ln.17 JLPT JLPT_3 JLPT_2 Genki,N/OsVi[gL-
才能,さいのう,"능력, 재능",JLPT JLPT_2 JLPT_3,DHNwuYd#?N
裁判,さいばん,재판,JLPT JLPT_2 JLPT_3,Cj0VNC)aXI
材料,ざいりょう,재료,JLPT JLPT_2 JLPT_3,k38qoD9zt6
幸い,さいわい,요행히,JLPT Intermediate_Japanese JLPT_3 JLPT_2 Intermediate_Japanese_Ln.8,d2lSIg);.
サイン,サイン,신호,JLPT JLPT_2 JLPT_3,x?{c^]RVe$
境,さかい,접경,JLPT JLPT_2 JLPT_3,QShv^7rF%|
逆らう,さからう,거스르다,JLPT JLPT_2 JLPT_3,o`A^ehWi@^
盛り,さかり,한 그릇 분량; 한창때,JLPT JLPT_2 JLPT_3,v$YrLV9qnx
作業,さぎょう,작업,JLPT JLPT_2 JLPT_3,b=vHpFfwSZ
裂く,さく,쪼개다,JLPT JLPT_2 JLPT_3,LDUwnq~#Q?
昨,さく,"지난 (년도), 어제",JLPT JLPT_2 JLPT_3,GL+Y)4yXcS
作品,さくひん,작품,JLPT JLPT_2 JLPT_3,MGr8G06#z_
作物,さくもつ,농산물,JLPT JLPT_2 JLPT_3,p(LSOs6uw7
桜,さくら,벚나무,JLPT JLPT_2 JLPT_3,Jm^a%*`E!g
酒,さけ,술,JLPT JLPT_2 JLPT_3,t}%j30SHEF
叫ぶ,さけぶ,외치다,JLPT JLPT_2 JLPT_3,E5;W<1MI2|
避ける,さける,피하다,JLPT Intermediate_Japanese JLPT_3 JLPT_2 Intermediate_Japanese_Ln.15,QIaY:U+_Wa
支える,ささえる,뒷바라지하다,JLPT JLPT_2 JLPT_3,e#(-!es11Q
刺さる,ささる,꽂히다,JLPT JLPT_2 JLPT_3,di2BW%43-n
刺す,さす,찌르다,JLPT JLPT_3 JLPT_2 Genki Genki_Ln.21,e48t5Q~CL_
指す,さす,가리키다,JLPT JLPT_2 JLPT_3,k`e;TAGgko
挿す,さす,꽂다,JLPT JLPT_2 JLPT_3,"MY60EU`x,H"
注す,さす,치다,JLPT JLPT_2 JLPT_3,qH4&#`}]gG
射す,さす,나다,JLPT JLPT_2 JLPT_3,u.)8@5Yw87
座席,ざせき,"자리, 좌석",JLPT Intermediate_Japanese JLPT_3 JLPT_2 Intermediate_Japanese_Ln.10,"tDVi}8QLX,"
誘う,さそう,충동하다,Genki_Ln.15 Intermediate_Japanese JLPT JLPT_3 JLPT_2 Intermediate_Japanese_Ln.7 Genki,t@[{w{yfI4
札,さつ,-권,JLPT JLPT_2 JLPT_3,wTy^V@~}^O
作家,さっか,작가,JLPT JLPT_2 JLPT_3,BKI1ycChW6
作曲,さっきょく,작곡,JLPT JLPT_2 JLPT_3,Io0i{.3D4v
ざっと,ざっと,"대충, 슬쩍",JLPT JLPT_2 JLPT_3,"l]%gAJA,OM"
さっぱり,さっぱり,시원히,JLPT JLPT_2 JLPT_3,"f,Wl.Ci0`l"
さて,さて,가만있다,JLPT Intermediate_Japanese JLPT_3 JLPT_2 Intermediate_Japanese_Ln.12,LIh4>dp+/=
砂漠,さばく,사막,JLPT JLPT_2 JLPT_3,kKUmiT9F9W
差別,さべつ,차별,JLPT JLPT_2 JLPT_3,dyD!/ON4A8
ママ,ママ,엄마,JLPT JLPT_2 JLPT_3,zyZFReMUU6
豆,まめ,콩,JLPT JLPT_2 JLPT_3,GoM5kwLZ`E
守る,まもる,지키다,JLPT JLPT_2 JLPT_3,KIn|zt16*V
迷う,まよう,방황하다,JLPT JLPT_2 JLPT_3,L;:4YYq`)5
丸,まる,"공, 동그라미",JLPT JLPT_2 JLPT_3,Q)LW*l-M`[
円,まる,"(화폐 단위) 엔; 원, 동그라미",JLPT JLPT_2 JLPT_3,c11Q@w}#J~
まるで,まるで,꼭,JLPT JLPT_2 JLPT_3,nQ6e%/X<.r
万一,まんいち,혹시,JLPT JLPT_2 JLPT_3,H0H9j9*ddg
満足,まんぞく,만족,JLPT JLPT_2 JLPT_3,Qfyuj9^wer
身,み,몸뚱이,JLPT JLPT_2 JLPT_3,FD}%mUxg1n
実,み,열매,JLPT JLPT_2 JLPT_3,j`zE[mIWkt
見送り,みおくり,전송,JLPT JLPT_2 JLPT_3,"zL,W$(?WXy"
味方,みかた,"동맹, 지지자",JLPT JLPT_2 JLPT_3,EF85/VL>m_
見事,みごと,"훌륭한, 웅장한",JLPT JLPT_2 JLPT_3,FG5RYvwId;
ミス,ミス,"미스, 실수",JLPT_1 JLPT JLPT_2 JLPT_3,h#^4pNfLXB
満ちる,みちる,차다,JLPT JLPT_2 JLPT_3,u[~LhQX)13
密,みつ,"조밀함, 빽빽함",JLPT JLPT_2 JLPT_3,Q7s<b_//qW
認める,みとめる,승인하다,JLPT Intermediate_Japanese JLPT_3 JLPT_2 Intermediate_Japanese_Ln.13 Intermediate_Japanese_Ln.3,"JetA%b8l~,"
見舞い,みまい,위문,JLPT JLPT_2 JLPT_3,nw{(:&zpou
土産,みやげ,기념품,JLPT JLPT_2 JLPT_3,z~]qvc)tb[
都,みやこ,"도읍, 도읍지",JLPT Intermediate_Japanese JLPT_3 JLPT_2 Intermediate_Japanese_Ln.10,B3uIy2Ddpn
妙,みょう,묘,JLPT JLPT_2 JLPT_3,LNAQ6Xt7x$
明後日,みょうごにち,모레,JLPT JLPT_2 JLPT_3,vq>.q}^O]P
未来,みらい,미래,JLPT JLPT_2 JLPT_3,Ghk@nVs)kS
魅力,みりょく,매력,JLPT JLPT_2 JLPT_3,w{[H?`kNh]
診る,みる,보다,JLPT Intermediate_Japanese JLPT_3 JLPT_2 Intermediate_Japanese_Ln.12,Ap.|xWc<xg
ミルク,ミルク,우유,JLPT JLPT_2 JLPT_3,rW2yU+[.3;
無,む,무,JLPT JLPT_2 JLPT_3,M/]]Gfu|C<
向かい,むかい,맞은편,JLPT JLPT_2 JLPT_3,v-M][z30<G
迎え,むかえ,마중,JLPT JLPT_2 JLPT_3,M.JFq}D{XW
向く,むく,안다,JLPT JLPT_2 JLPT_3,"B?VOe(a,ck"
剥く,むく,까다,JLPT JLPT_2 JLPT_3,O9G!=VsU$R
向ける,むける,향하다,JLPT JLPT_2 JLPT_3,O0#L}~28:p
無視,むし,무시,JLPT JLPT_2 JLPT_3,"H?.,UKB|]n"
蒸し暑い,むしあつい,찌다,JLPT JLPT_2 JLPT_3,b:SYmm(y*W
虫歯,むしば,충치,JLPT JLPT_2 JLPT_3,p^*~90tI~;
寧ろ,むしろ,오히려,JLPT JLPT_2 JLPT_3,iKd&nF*kp>
蒸す,むす,찌다,JLPT JLPT_2 JLPT_3,A8e|Klqr_`
結ぶ,むすぶ,묶다,JLPT JLPT_2 JLPT_3,ymg7!.{d0`
無駄,むだ,"무익함, 무용지물",JLPT JLPT_2 JLPT_3,f?04M}_6S/
夢中,むちゅう,꿈결,JLPT JLPT_2 JLPT_3,c*kD_bu37.
胸,むね,젖가슴,JLPT JLPT_2 JLPT_3,yLcSyJ#.nc
無料,むりょう,무료,JLPT JLPT_2 JLPT_3,JN6`<L^h|2
芽,め,싹,JLPT JLPT_2 JLPT_3,"j,J}0*}#hN"
明確,めいかく,명확한,JLPT JLPT_2 JLPT_3,DCM(3>-lRK
名刺,めいし,명함,JLPT Intermediate_Japanese JLPT_3 JLPT_2 Intermediate_Japanese_Ln.1,K3cZp`gUUo
名詞,めいし,명사,JLPT JLPT_2 JLPT_3,iPorDGRE(|
命じる,めいじる,명하다. 명령하다,JLPT JLPT_2 JLPT_3,qg|.+Szu_I
名人,めいじん,명인,JLPT JLPT_2 JLPT_3,Fni-n$8WrW
命令,めいれい,"명령, 지시",JLPT JLPT_2 JLPT_3,KKSB-pS%yq
迷惑,めいわく,"폐, 누",JLPT JLPT_2 JLPT_3,"i.t)w,3ng-"
目上,めうえ,손위,JLPT Intermediate_Japanese JLPT_3 JLPT_2 Intermediate_Japanese_Ln.2,oNjcNV)ff[
飯,めし,밥,JLPT JLPT_2 JLPT_3,IWA[~#BL^U
滅多に,めったに,좀처럼 ~않다,JLPT JLPT_2 JLPT_3,j)#=ex#L)O
メモ,メモ,쪽지,JLPT JLPT_2 JLPT_3,"skJ)D[(,@."
面,めん,쪽,JLPT JLPT_2 JLPT_3,"w,_Ik;ZYes"
綿,めん,면,JLPT JLPT_2 JLPT_3,zi)_)]=$49
免許,めんきょ,면허,JLPT JLPT_3 JLPT_2 Genki_Ln.22 Genki,giqsadF8[_
面接,めんせつ,면접,JLPT Intermediate_Japanese JLPT_3 JLPT_2 Genki Genki_Ln.23 Intermediate_Japanese_Ln.3,"G{,..f)t;T"
面倒,めんどう,귀찮음. 성가심,JLPT JLPT_2 JLPT_3,jarwg?`xYM
メンバー,メンバー,"단원, 멤버",JLPT JLPT_2 JLPT_3,ioP<e}C#*T
申し込む,もうしこむ,신청하다,JLPT Intermediate_Japanese JLPT_3 JLPT_2 Intermediate_Japanese_Ln.3,p-@iqxnx(*
申し訳,もうしわけ,"변명, 해명",JLPT JLPT_2 JLPT_3,"w0A,13h@XG"
毛布,もうふ,담요,JLPT JLPT_2 JLPT_3,G|6QSL6HzW
燃える,もえる,"타다, 피다",JLPT JLPT_2 JLPT_3,C2}(_d=*8]
目的,もくてき,목적,JLPT Intermediate_Japanese JLPT_3 JLPT_2 Intermediate_Japanese_Ln.3,"FrxXy0,/EI"
目標,もくひょう,목표,JLPT JLPT_2 JLPT_3,eD#(2kEfi#
文字,もじ,"글, 글씨",JLPT JLPT_2 JLPT_3,v{bw_z2KT.
文字,もんじ,문자,JLPT JLPT_2 JLPT_3,i}R1C0Kg[i
もしかすると,もしかすると,"혹, 혹시나",JLPT JLPT_2 JLPT_3,E_gTNRA!W1
もしも,もしも,만약,JLPT JLPT_2 JLPT_3,Q41Ox`49(P
持ち上げる,もちあげる,추어올리다,JLPT JLPT_2 JLPT_3,Ck3.ZXZ[6p
用いる,もちいる,쓰다,JLPT JLPT_2 JLPT_3,so5H6d<zN+
もったいない,もったいない,과분하다,JLPT JLPT_2 JLPT_3,yewBxbz7]I
尤も,もっとも,"당연함, 지당함",JLPT JLPT_2 JLPT_3,A>F:Ft1w22
元,もと,원-,JLPT JLPT_2 JLPT_3,"O)La7,`]AY"
基,もと,밑,JLPT JLPT_2 JLPT_3,Icp_M75Xpg
素,もと,"근원, 재료, 바탕",JLPT JLPT_2 JLPT_3,yGr3{oX4%H
戻す,もどす,되돌리다,JLPT JLPT_2 JLPT_3,PmY(.gc-w+
基づく,もとづく,의거하다,JLPT JLPT_2 JLPT_3,I&bTc?WHhL
求める,もとめる,구하다,JLPT Intermediate_Japanese JLPT_3 JLPT_2 Intermediate_Japanese_Ln.4,lJ&@p010:m
者,もの,사람,JLPT Intermediate_Japanese JLPT_3 JLPT_2 Intermediate_Japanese_Ln.3,vAI([v0H/E
物音,ものおと,소리,JLPT JLPT_2 JLPT_3,hL<`ZEm#E^
物語,ものがたり,이야기,JLPT JLPT_2 JLPT_3,b2F39/cX@{
物事,ものごと,"사물, 용무",JLPT JLPT_2 JLPT_3,JYu;9)KWYP
燃やす,もやす,"태우다, 불태우다",JLPT JLPT_2 JLPT_3,h5FjFnJT{r
模様,もよう,무늬,JLPT JLPT_2 JLPT_3,DCW6|C<9T)
文句,もんく,두말,JLPT Intermediate_Japanese Genki JLPT_3 JLPT_2 Intermediate_Japanese_Ln.14 Genki_Ln.21 Intermediate_Japanese_Ln.11,"q,87=b37fY"
やがて,やがて,"곧, 이윽고",JLPT Intermediate_Japanese JLPT_3 JLPT_2 Intermediate_Japanese_Ln.8,nlnms.mL_|
役,やく,역할,JLPT JLPT_2 JLPT_3,sc=i9?h^tQ
約,やく,약,JLPT Intermediate_Japanese JLPT_3 JLPT_2 Intermediate_Japanese_Ln.11,L31l;C5Xp=
訳,やく,이유,JLPT JLPT_2 JLPT_3,CmgPQjblgT
訳す,やくす,번역하다,JLPT Intermediate_Japanese JLPT_3 JLPT_2 Intermediate_Japanese_Ln.2,Cj2Ni~H!BW
役割,やくわり,"구실, 노릇",JLPT JLPT_2 JLPT_3,"jj*z,nk6$Z"
家賃,やちん,방세,JLPT Genki_Ln.18 JLPT_3 JLPT_2 Genki,Og7<v^:R8@
厄介,やっかい,신세,JLPT JLPT_2 JLPT_3,O_#+8qFx*C
宿,やど,"숙소, 여관",JLPT JLPT_2 JLPT_3,F8A%9EzpfO
雇う,やとう,쓰다,JLPT Intermediate_Japanese JLPT_3 JLPT_2 Intermediate_Japanese_Ln.8,fsV)jU5lVf
屋根,やね,지붕,JLPT JLPT_2 JLPT_3,K@]5qy=.%v
破る,やぶる,패배시키다,JLPT JLPT_2 JLPT_3,Hc|1rO==::
破れる,やぶれる,미어지다,JLPT JLPT_2 JLPT_3,Q>N&s5^Kb%
辞める,やめる,들어앉다,JLPT JLPT_2 JLPT_3,J|2c^zFs0y
やや,やや,다소,JLPT JLPT_2 JLPT_3,OikgR+nKY0
唯一,ゆいいつ,유일,JLPT JLPT_2 JLPT_3,mNuH=kxM-E
勇気,ゆうき,용기,JLPT JLPT_2 JLPT_3,z0tdm#]12w
友好,ゆうこう,우호,JLPT JLPT_2 JLPT_3,qSk@+t:._p
有効,ゆうこう,유효,JLPT Intermediate_Japanese JLPT_3 JLPT_2 Intermediate_Japanese_Ln.10,iL.?i)%fKm
優秀,ゆうしゅう,우수,JLPT JLPT_2 JLPT_3,O^v!ja{$6}
優勝,ゆうしょう,우승,JLPT Intermediate_Japanese JLPT_3 JLPT_2 Intermediate_Japanese_Ln.7,Gxir)F$3h;
友情,ゆうじょう,우의,JLPT JLPT_2 JLPT_3,hpnSza2$^g
友人,ゆうじん,친구,JLPT Intermediate_Japanese JLPT_3 JLPT_2 Intermediate_Japanese_Ln.15 Intermediate_Japanese_Ln.2,iE%IT=Qp]>
有能,ゆうのう,"유능한, 능력 있는, 효율적인",JLPT JLPT_2 JLPT_3,P0&QeU;_J8
郵便,ゆうびん,"우편, 우편물",JLPT JLPT_2 JLPT_3,y1Pm-8jy]k
ユーモア,ユーモア,해학,JLPT JLPT_2 JLPT_3,df%[k|%u*+
有利,ゆうり,유리,JLPT JLPT_2 JLPT_3,H]2^aHqq32
床,ゆか,바닥,JLPT JLPT_2 JLPT_3,lG~]%rmVy|
愉快,ゆかい,유쾌,JLPT JLPT_2 JLPT_3,"o,+Kowdko`"
譲る,ゆずる,"내주다, 물리다",JLPT JLPT_2 JLPT_3,Hvg@/iJB}O
豊か,ゆたか,"풍부함, 풍성함",JLPT JLPT_2 JLPT_3,"d9lbZ0yM,{"
茹でる,ゆでる,삶다,JLPT JLPT_2 JLPT_3,vocx6RiGG7
許す,ゆるす,허락하다,JLPT Intermediate_Japanese JLPT_3 JLPT_2 Intermediate_Japanese_Ln.8,jUZ.+k2dQs
夜,よ,밤,JLPT JLPT_2 JLPT_3,O|UO#;VR|i
夜明け,よあけ,새벽녘,JLPT JLPT_2 JLPT_3,P]gvvnr3UX
酔う,よう,취하다,JLPT JLPT_2 JLPT_3,Nw#Iv9NMME
容易,ようい,용이; 용이한,JLPT JLPT_2 JLPT_3,P+bB1Di`Ky
容器,ようき,용기,JLPT JLPT_2 JLPT_3,iaea{|Cg@:
陽気,ようき,양기,JLPT JLPT_2 JLPT_3,u51di;kV4W
要求,ようきゅう,요구,JLPT JLPT_2 JLPT_3,nvC?4QsNf}
用心,ようじん,조심,JLPT JLPT_2 JLPT_3,Flc5De-&7.
様子,ようす,모양,JLPT JLPT_2 JLPT_3,A7/`ZQ{`>8
要するに,ようするに,요컨대,JLPT JLPT_2 JLPT_3,FOjPBhXtfP
要素,ようそ,요소,JLPT JLPT_2 JLPT_3,GZk%&=rm6%
要点,ようてん,요점,JLPT JLPT_2 JLPT_3,Qs5wBsMZ.}
曜日,ようび,요일,JLPT JLPT_2 JLPT_3,H-|U<zuUTq
ヨーロッパ,ヨーロッパ,유럽,JLPT JLPT_2 JLPT_3,cEJaT(aXg
予期,よき,예상,JLPT JLPT_2 JLPT_3,k(Z/4d8ciX
横切る,よこぎる,횡단하다,JLPT JLPT_2 JLPT_3,ba+_Ekz}4>
汚す,よごす,더럽히다,JLPT JLPT_2 JLPT_3,gASRu}ar&]
予算,よさん,예산,JLPT JLPT_2 JLPT_3,k15uOKT$nk
止す,よす,그만두다,JLPT JLPT_2 JLPT_3,g87)Rqp|@G
寄せる,よせる,붙이다,JLPT JLPT_2 JLPT_3,M9{&7Gc5&~
予測,よそく,예측,JLPT JLPT_2 JLPT_3,E(^1aDIi!6
ヨット,ヨット,요트,JLPT JLPT_2 JLPT_3,G/C^ah63g_
夜中,よなか,밤중,JLPT JLPT_2 JLPT_3,QTA:28I)zV
世の中,よのなか,세간,JLPT Intermediate_Japanese JLPT_3 JLPT_2 Intermediate_Japanese_Ln.14,zQaur22G#@
余分,よぶん,여분,JLPT JLPT_2 JLPT_3,uLcn4c5r}h
予報,よほう,예보,JLPT JLPT_2 JLPT_3,CpZ2Kf3K1p
予防,よぼう,예방,JLPT JLPT_2 JLPT_3,rDZhF+<_&}
読み,よみ,읽기,JLPT JLPT_2 JLPT_3,K?H`Don1~V
嫁,よめ,며느리,JLPT JLPT_2 JLPT_3,oRq&EQjfdU
余裕,よゆう,여유,JLPT Intermediate_Japanese JLPT_3 JLPT_2 Intermediate_Japanese_Ln.15,E;;B#u-gwT
より,より,~보다; ~부터,JLPT JLPT_2 JLPT_3,"P,gDgn3/%z"
因る,よる,"하다, 말미암다",JLPT JLPT_2 JLPT_3,bk:?0yP.}A
喜び,よろこび,기쁨,JLPT JLPT_2 JLPT_3,K+wNM)/!OH
よろしく (かん),よろしく (かん),잘 부탁합니다,JLPT JLPT_2 JLPT_3,uLM;15kvNe
四,よん,"사, 넷(4)",JLPT JLPT_2 JLPT_3,FT^HSOQQHt
来,らい～,음독으로 읽는 어미,JLPT JLPT_2 JLPT_3,A=wX.vJ`;k
ライター,ライター,라이터,JLPT JLPT_2 JLPT_3,NgUl4>*Khu
楽,らく,낙,JLPT JLPT_2 JLPT_3,DiE;3Dx>c<
ラケット,ラケット,라켓,JLPT JLPT_2 JLPT_3,rc5WF%qwi^
利益,りえき,이익,JLPT JLPT_2 JLPT_3,j{(4)&Jk(I
理解,りかい,이해,JLPT JLPT_2 JLPT_3,kKF%t{|4d1
陸,りく,뭍,JLPT JLPT_2 JLPT_3,f7mi}zh7:U
利口,りこう,영리; 영리하다,JLPT JLPT_2 JLPT_3,fywFMWmChi
離婚,りこん,이혼,JLPT JLPT_2 JLPT_3,PI9p-(a/mR
理想,りそう,이상,JLPT JLPT_3 JLPT_2 Genki_Ln.23 Genki,Ev]+?).P_6
率,りつ,-률,JLPT JLPT_2 JLPT_3,s+WV`q_zTd
留学,りゅうがく,유학,JLPT JLPT_2 JLPT_3,jA_j8gA?Xq
流行,りゅうこう,유행,JLPT JLPT_2 JLPT_3,oDwVFzWRDw
量,りょう,양,JLPT JLPT_2 JLPT_3,EL&y=qJ[p]
寮,りょう,기숙사,Genki_Ln.17 JLPT Intermediate_Japanese JLPT_3 JLPT_2 Intermediate_Japanese_Ln.2 Genki,v~j5~V9)9G
両替,りょうがえ,환전,JLPT JLPT_2 JLPT_3,d:;<z]06Bi
料金,りょうきん,요금,JLPT Intermediate_Japanese JLPT_3 JLPT_2 Intermediate_Japanese_Ln.10,zVvm;g>0?l
例,れい,"보기, 예",JLPT Intermediate_Japanese JLPT_3 JLPT_2 Intermediate_Japanese_Ln.2,kB-8@n:7>K
礼,れい,절,JLPT JLPT_2 JLPT_3,EZ&Acuix#;
例外,れいがい,예외,JLPT JLPT_2 JLPT_3,tw6[F{cyVX
礼儀,れいぎ,예의,JLPT JLPT_2 JLPT_3,Gd12dxU_~f
冷静,れいせい,냉정,JLPT JLPT_2 JLPT_3,B49T]&wBB/
列,れつ,"열, 줄",JLPT JLPT_2 JLPT_3,xG=0sSj|M]
列車,れっしゃ,열차,JLPT JLPT_2 JLPT_3,QT2^`L&p0(
レベル,レベル,레벨,JLPT Intermediate_Japanese JLPT_3 JLPT_2 Intermediate_Japanese_Ln.5,zpbh!KoN[L
連想,れんそう,연상,JLPT JLPT_2 JLPT_3,"NQ21Zh,%s4"
連続,れんぞく,연속,JLPT JLPT_2 JLPT_3,ODN;p&H}o6
老人,ろうじん,노인,JLPT JLPT_2 JLPT_3,Fz<ozu`hKp
労働,ろうどう,노동,JLPT JLPT_2 JLPT_3,svW#2;;Cv:
ロケット,ロケット,로켓,JLPT JLPT_2 JLPT_3,s>l2C%ZS6!
論じる,ろんじる,"논쟁하다, 토론하다",JLPT JLPT_2 JLPT_3,PV@[>Orc)!
論争,ろんそう,논쟁,JLPT JLPT_2 JLPT_3,OnROo#.Af[
論文,ろんぶん,논문,JLPT JLPT_2 JLPT_3,x9Y&i=]xwo
輪,わ,고리,JLPT JLPT_2 JLPT_3,FnX+2P-4%V
ワイン,ワイン,포도주,JLPT Intermediate_Japanese JLPT_3 JLPT_2 Intermediate_Japanese_Ln.9,k_34Ad?RbL
わがまま,わがまま,제멋대로 굶,JLPT JLPT_2 JLPT_3,EZq`y]jF5A
別れ,わかれ,"이별, 작별",JLPT JLPT_2 JLPT_3,OMtj+e3iBn
分かれる,わかれる,갈라지다,JLPT JLPT_2 JLPT_3,"h3]%FQ}r,e"
脇,わき,옆,JLPT JLPT_2 JLPT_3,jKWknj-GZC
湧く,わく,솟다,JLPT JLPT_2 JLPT_3,eVR+00~Wm
分ける,わける,가름하다,JLPT JLPT_2 JLPT_3,o0j(Vbh=Dm
わざと,わざと,부러,JLPT JLPT_2 JLPT_3,viYnUwNT3<
僅か,わずか,조금,JLPT JLPT_2 JLPT_3,q2B/3.([A6
綿,わた,"목화, 솜",JLPT JLPT_2 JLPT_3,v86=9+m*Zo
話題,わだい,이야깃거리,JLPT JLPT_2 JLPT_3,z8.CmK<Fdr
笑い,わらい,웃음,JLPT JLPT_2 JLPT_3,DQ4$VTV1]U
割る,わる,"깨뜨리다, 나누다",JLPT JLPT_2 JLPT_3,oEUIbaXq]C
悪口,わるくち,"욕, 험담",JLPT JLPT_2 JLPT_3,"d]Rs;YIR,B"
我々,われわれ,우리,JLPT JLPT_2 JLPT_3,E2(6GHR8(/
湾,わん,만,JLPT JLPT_2 JLPT_3,P6{jsCe:#w
椀,わん,그릇,JLPT JLPT_2 JLPT_3,l4kkf<]hlo
碗,わん,공기,JLPT JLPT_2 JLPT_3,jaH28ERkuW
悪,あく,악,JLPT_1 JLPT JLPT_3,Q1DWi+VRb<
当り,あたり,"적중, 당첨; 근처",JLPT_1 JLPT JLPT_3,pvdd^T@ma/
アップ,アップ,향상; 확대; 업,JLPT_1 JLPT JLPT_3,A[u&?[.Bro
宛てる,あてる,"수신인을 적다, 보내다",JLPT_1 JLPT JLPT_3,l&CGpg$n)R
アンケート,アンケート,앙케트,JLPT_1 JLPT JLPT_3,"jvw,M=`Mc4"
異,い,"차이, 이견",JLPT_1 JLPT JLPT_3,KWy%Q&s$/y
意,い,"어간의 하나; (특히 눈윗사람의) 의향, 무언가를 하고 싶다는 것의 생각",JLPT_1 JLPT JLPT_3,ue.p8Uogo]
医院,いいん,의원,JLPT_1 JLPT JLPT_3,cxetSKwBbl
怒り,いかり,"골, 노여움",JLPT_1 JLPT JLPT_3,eag:XoP`Iu
粋,いき,"멋, 세련됨",JLPT_1 JLPT JLPT_3,ugWhTIM%@o
意地,いじ,고집,JLPT_1 JLPT JLPT_3,Bt*R$hF@~7
依然,いぜん,의연; 여전,JLPT_1 JLPT JLPT_3,gx*_AN|$_R
傷める,いためる,손상하다,JLPT_1 JLPT JLPT_3,uF3-=@-Bpo
炒める,いためる,볶다,JLPT_1 JLPT JLPT_3,"G^,`T^H<Y$"
一帯,いったい,일대,JLPT_1 JLPT JLPT_3,DAOK/%LCS(
異動,いどう,"이동, 인사이동",JLPT_1 JLPT JLPT_3,ew^/izF?S5
衣料,いりょう,의복의 재료,JLPT_1 JLPT JLPT_3,gj0|x/@YEn
渦,うず,소용돌이,JLPT_1 JLPT JLPT_3,sfWs{S%^qV
埋まる,うまる,묻히다,JLPT_1 JLPT JLPT_3,7lK)HuokX
産む,うむ,출산하다,JLPT Intermediate_Japanese JLPT_1 JLPT_3 Intermediate_Japanese_Ln.14,r|}xM1gEOl
縁,えん,"연, 연분",JLPT_1 JLPT JLPT_3,oaiH%ZtU~K
尾,お,꼬리,JLPT_1 JLPT JLPT_3,wE6#3`(P-s
負う,おう,짊어지다,JLPT_1 JLPT JLPT_3,u~;tItu4oL
遅れ,おくれ,"지연, 늦음",JLPT Intermediate_Japanese JLPT_1 JLPT_3 Intermediate_Japanese_Ln.14,l%9;2PC4x+
教え,おしえ,가르침,JLPT_1 JLPT JLPT_3,xPgyX4=PH+
驚き,おどろき,놀라움,JLPT_1 JLPT JLPT_3,uYPDwf:Xey
織る,おる,엮다,JLPT_1 JLPT JLPT_3,H-^?L/FUtJ
欠く,かく,결여되다; 깨뜨리다,JLPT_1 JLPT JLPT_3,"y:z4,KW,Y-"
角,かく,각,JLPT_1 JLPT JLPT_3,Q3RPtFjJo6
核,かく,핵,JLPT_1 JLPT JLPT_3,e?}Lbq98=N
格,かく,격,JLPT_1 JLPT JLPT_3,Bd<&>IEN#(
学歴,がくれき,학력,JLPT_1 JLPT JLPT_3,"oJD!i#Ghj,"
駆ける,かける,달리다,JLPT_1 JLPT JLPT_3,AlwjF+uaKO
賭ける,かける,내기하다,JLPT_1 JLPT JLPT_3,dX$E2ISF?E
課題,かだい,과제,JLPT_1 JLPT JLPT_3,JNxi3:**/$
片付け,かたづけ,갈무리,JLPT_1 JLPT JLPT_3,b8#*+`Yer.
加味,かみ,가미,JLPT_1 JLPT JLPT_3,IDJ]6]i7Jx
借り,かり,빚,JLPT_1 JLPT JLPT_3,eJ@~/@E_cp
狩り,かり,사냥,JLPT_1 JLPT JLPT_3,F*!5GCg4U&
管,かん,다음 단어를 만듦; 관,JLPT_1 JLPT JLPT_3,fcs)GZ>f[[
～観,かん,-관,JLPT_1 JLPT JLPT_3,L#gN7p7zR4
癌,がん,암,JLPT_1 JLPT JLPT_3,"p~,cAC,D+|"
刊行,かんこう,간행,JLPT_1 JLPT JLPT_3,M#=U8)QH)D
慣行,かんこう,관행,JLPT_1 JLPT JLPT_3,xk+2IzF[p%
歓声,かんせい,환호성,JLPT_1 JLPT JLPT_3,"w6B,F.u4!."
官僚,かんりょう,관료,JLPT_1 JLPT JLPT_3,vh@[V;%&ao
器官,きかん,기관,JLPT_1 JLPT JLPT_3,N2?AghIU$R
季刊,きかん,계간,JLPT_1 JLPT JLPT_3,I;$Bk_n?X#
起源,きげん,기원,JLPT_1 JLPT JLPT_3,tlShs$oI^}
機構,きこう,기구,JLPT_1 JLPT JLPT_3,i}B:Es]N)f
築く,きずく,축구하다,JLPT_1 JLPT JLPT_3,i^HMG^80!G
規制,きせい,규제,JLPT_1 JLPT JLPT_3,CN`|`I@cQ2
丘陵,きゅうりょう,언덕,JLPT_1 JLPT JLPT_3,"E9ld1,7]!f"
協議,きょうぎ,협의,JLPT_1 JLPT JLPT_3,Q?<#X?Sj/E
享受,きょうじゅ,향수,JLPT_1 JLPT JLPT_3,QIS<k>N.yl
協調,きょうちょう,협조,JLPT_1 JLPT JLPT_3,q1MP[9CeAj
切り,きり,"끝, 한계",JLPT_1 JLPT JLPT_3,B0AWr56JJ:
菌,きん,균,JLPT_1 JLPT JLPT_3,tmpS/:#W86
近視,きんし,근시,JLPT_1 JLPT JLPT_3,"NkNB,nl-$5"
苦,く,"고통, 고민",JLPT_1 JLPT JLPT_3,rAG1%p4z{~
群,ぐん,그룹,JLPT_1 JLPT JLPT_3,"LN,Tx3PlR-"
刑,けい,형,JLPT_1 JLPT JLPT_3,"lZo,b@3#8r"
経緯,けいい,경위,JLPT_1 JLPT JLPT_3,vg;b<1L}X}
計器,けいき,계기,JLPT_1 JLPT JLPT_3,D|{=p=rf^U
契機,けいき,계기,JLPT_1 JLPT JLPT_3,K8C9CieJaA
携帯,けいたい,휴대 전화,JLPT_1 JLPT JLPT_3,IrGZ6yI4>+
形態,けいたい,형태,JLPT_1 JLPT JLPT_3,e/5N$:Z!T-
血管,けっかん,혈관,JLPT_1 JLPT JLPT_3,QbJ9AEIh9>
決行,けっこう,결행,JLPT_1 JLPT JLPT_3,F-+3sLP~)5
件,けん,건,JLPT_1 JLPT JLPT_3,kQ?0ViPK+4
減少,げんしょう,감소,JLPT_1 JLPT JLPT_3,k4_<}lhTb#
公演,こうえん,공연,JLPT_1 JLPT JLPT_3,H?FP7|9MSw
後悔,こうかい,후회,JLPT_1 JLPT JLPT_3,Q1e2dQ@sG$
航海,こうかい,항해,JLPT_1 JLPT JLPT_3,dFa`<B!Rly
拘束,こうそく,구속,JLPT_1 JLPT JLPT_3,wAH|5]9<;T
荒廃,こうはい,황폐,JLPT_1 JLPT JLPT_3,Pi<&-yXN08
降伏,こうふく,항복,JLPT_1 JLPT JLPT_3,nz>D*v/PPD
興奮,こうふん,흥분,JLPT_1 JLPT JLPT_3,uG+;eVvuCD
語句,ごく,글귀,JLPT_1 JLPT JLPT_3,IeE<Oj.e6u
個々,ここ,"각각, 개개",JLPT_1 JLPT JLPT_3,p2d:ics3}r
故人,こじん,고인,JLPT_1 JLPT JLPT_3,i${0Y&niQE
小銭,こぜに,잔돈,JLPT_1 JLPT JLPT_3,"e/(},oiNGD"
ことによると,ことによると,"경우에 따라서는, 어쩌면",JLPT_1 JLPT JLPT_3,B{&~P5e&VY
コンテスト,コンテスト,"경연, 경연 대회",JLPT_1 JLPT JLPT_3,sp5g%^>}gq
採集,さいしゅう,채집,JLPT_1 JLPT JLPT_3,Np[aMg9Zl4
作,さく,작,JLPT_1 JLPT JLPT_3,e0vQj1EM3V
策,さく,-책,JLPT_1 JLPT JLPT_3,m7/9u%VJ!K
設備,せつび,설비,JLPT JLPT_2 JLPT_3,LIo%jKRqQs
絶滅,ぜつめつ,멸종,JLPT JLPT_2 JLPT_3,io[YAo{Uu@
節約,せつやく,절약,JLPT JLPT_2 JLPT_3,"HN*O,b6I.s"
攻める,せめる,공격하다,JLPT JLPT_2 JLPT_3,tc4C[W7HwN
責める,せめる,책망하다,JLPT JLPT_2 JLPT_3,h&^&{;rWzw
善,ぜん,선,JLPT JLPT_2 JLPT_3,I+Wsd9&>8`
全,ぜん,전,JLPT JLPT_2 JLPT_3,"AlSQZeMOe,"
全員,ぜんいん,전원,JLPT JLPT_2 JLPT_3,sZoXHnMU/8
専攻,せんこう,전공,JLPT JLPT_2 JLPT_3,ya8a{Dc>vj
全国,ぜんこく,전국,JLPT Intermediate_Japanese JLPT_3 JLPT_2 Intermediate_Japanese_Ln.7,^t`okG[_.
洗剤,せんざい,세정제,JLPT JLPT_2 JLPT_3,L<+Y;nNWE2
先日,せんじつ,일전,JLPT Intermediate_Japanese JLPT_3 JLPT_2 Intermediate_Japanese_Ln.2,u}70pX97Ud
前者,ぜんしゃ,전자,JLPT JLPT_2 JLPT_3,PvTkSo0mR<
選手,せんしゅ,선수,JLPT Intermediate_Japanese JLPT_3 JLPT_2 Intermediate_Japanese_Ln.7,v.;e@CEJx|
全身,ぜんしん,전신,JLPT JLPT_2 JLPT_3,pwxE{6M)x(
前進,ぜんしん,전진,JLPT JLPT_2 JLPT_3,Bf[eOsL^b6
センター,センター,센터,JLPT JLPT_2 JLPT_3,CxiSJ@d^~:
全体,ぜんたい,전체,JLPT JLPT_2 JLPT_3,"P>z,++>r(]"
選択,せんたく,선택,JLPT JLPT_2 JLPT_3,k:.P/+fPZu
宣伝,せんでん,선전,JLPT JLPT_2 JLPT_3,JC$lTUtjG[
象,ぞう,코끼리,JLPT Genki_Ln.13 JLPT_3 JLPT_2 Genki,q&<afrju^O
騒音,そうおん,소음,JLPT JLPT_2 JLPT_3,Nq>ZUuvl@9
増加,ぞうか,증가,JLPT JLPT_2 JLPT_3,LCq]gC<#T)
操作,そうさ,조작,JLPT JLPT_2 JLPT_3,"mJ]7X>,V`y"
想像,そうぞう,상상,JLPT JLPT_2 JLPT_3,k^1Z0>wFtS
相続,そうぞく,상속,JLPT JLPT_2 JLPT_3,gLl5L9nWQL
装置,そうち,장치,JLPT JLPT_2 JLPT_3,QP$y~p+;R`
相当,そうとう,상당히,JLPT JLPT_2 JLPT_3,X|0~/xXGn
速度,そくど,속도,JLPT JLPT_2 JLPT_3,H;GE;N$A%]
底,そこ,"밑창, 바닥, 밑바닥",JLPT JLPT_2 JLPT_3,E!a4:Hc]KR
そこで,そこで,게서,JLPT JLPT_2 JLPT_3,Q`8<U+}b2H
組織,そしき,조직,JLPT JLPT_2 JLPT_3,zpGgl@h_Va
そして,そして,그리고,JLPT Genki_Ln.11 JLPT_3 JLPT_2 Genki,HVz1zz!rU*
注ぐ,そそぐ,붓다,JLPT JLPT_2 JLPT_3,O|qtLZv)ag
育つ,そだつ,자라나다,JLPT JLPT_2 JLPT_3,DVd%wrkTnE
そっくり,そっくり,"꼭 닮음; 전부, 통째로",JLPT JLPT_2 JLPT_3,"il,5{T<Ci/"
そっと,そっと,"가만가만, 가만가만히",JLPT JLPT_2 JLPT_3,dNlkAuY%B;
袖,そで,소매,JLPT JLPT_2 JLPT_3,qAnG-iHgN/
備える,そなえる,"대비하다, 예비하다",JLPT JLPT_2 JLPT_3,nSf<nF|Wp=
具える,そなえる,갖추다,JLPT JLPT_2 JLPT_3,HK##7~;{8M
そのうえ,そのうえ,게다가,JLPT JLPT_2 JLPT_3,g4O`W+&@o;
そのうち,そのうち,근간,JLPT Intermediate_Japanese JLPT_3 JLPT_2 Intermediate_Japanese_Ln.1,PuLL>@8)rT
そのまま,そのまま,그대로,JLPT JLPT_2 JLPT_3,Ct<iM4(-qV
蕎麦,そば,메밀국수,JLPT JLPT_2 JLPT_3,Bbh7N0fI`c
ソファー,ソファー,소파,JLPT Intermediate_Japanese JLPT_3 JLPT_2 Intermediate_Japanese_Ln.12,z;bE4U6LP3
粗末,そまつ,"함부로 함, 소홀히 함",JLPT JLPT_2 JLPT_3,j6Do>kVF89
それぞれ,それぞれ,각각,JLPT JLPT_2 JLPT_3,IU/9u{#l]`
それでも,それでも,"고나마, 그나마",JLPT JLPT_2 JLPT_3,A4Ma6XxBkC
それと,それと,그리고; 그것과,JLPT JLPT_2 JLPT_3,qT%b.lO-Up
それとも,それとも,또는,JLPT JLPT_2 JLPT_3,FIBH9OiuNP
揃う,そろう,갖추어지다,JLPT JLPT_2 JLPT_3,eH+q6_0;;H
揃える,そろえる,통일하다,JLPT JLPT_2 JLPT_3,"Hx^8k,vcgU"
損,そん,"손실, 불리함",JLPT JLPT_2 JLPT_3,r5pYyEz*uG
損害,そんがい,"출혈, 손해",JLPT JLPT_2 JLPT_3,KNy-!0Msk~
尊敬,そんけい,존대,JLPT JLPT_2 JLPT_3,nh_pmhy#.q
存在,そんざい,존재,JLPT JLPT_2 JLPT_3,Ah?vt+0Deq
尊重,そんちょう,숭상,JLPT JLPT_2 JLPT_3,h?{mP2f_-B
田,た,논,JLPT JLPT_2 JLPT_3,"w7MwtWnKt,"
他,た,타,JLPT JLPT_2 JLPT_3,P;is[6zAC!
対,たい,"쌍, 커플, 세트",JLPT JLPT_2 JLPT_3,"Moj,JFB9!<"
大,だい,대,JLPT JLPT_2 JLPT_3,LwTE(&7K+A
題,だい,"제목, 주제, 테마",JLPT JLPT_2 JLPT_3,F^XD~^:A@0
体育,たいいく,체육,JLPT JLPT_2 JLPT_3,CYaFjR7lk/
体温,たいおん,체온,JLPT JLPT_2 JLPT_3,JV$<Rwhu{y
大会,たいかい,대회,JLPT Intermediate_Japanese JLPT_3 JLPT_2 Intermediate_Japanese_Ln.7,qPbid=y~O&
大気,たいき,대기,JLPT JLPT_2 JLPT_3,"Hhm(,tKo;q"
代金,だいきん,대가,JLPT JLPT_2 JLPT_3,d6Cwm*}ZjB
退屈,たいくつ,"지루함, 따분함",JLPT JLPT_2 JLPT_3,F(8G#=fSzj
滞在,たいざい,체류,JLPT JLPT_2 JLPT_3,bk>r|^ok!J
大使,たいし,대사,JLPT JLPT_2 JLPT_3,zN!*9mGhu4
大した,たいした,대수롭다,JLPT Intermediate_Japanese JLPT_3 JLPT_2 Intermediate_Japanese_Ln.13,oM^M6iE>L5
体重,たいじゅう,몸무게,JLPT Intermediate_Japanese JLPT_3 JLPT_2 Intermediate_Japanese_Ln.4,t`1!Oqj**T
対象,たいしょう,대상,JLPT Intermediate_Japanese JLPT_3 JLPT_2 Intermediate_Japanese_Ln.8,"p^#)B+1eX,"
対照,たいしょう,대조,JLPT JLPT_2 JLPT_3,n>fKKV=_7/
大臣,だいじん,일본에서 장관을 일컫는 말. 대신,JLPT JLPT_2 JLPT_3,Ob3O=(AH>h
対する,たいする,대하다,JLPT JLPT_2 JLPT_3,ybI4-s}gla
大戦,たいせん,대전,JLPT JLPT_2 JLPT_3,f`t4(w295-
態度,たいど,태도,JLPT Intermediate_Japanese JLPT_3 JLPT_2 Intermediate_Japanese_Ln.3,CRe5#!Zg2
大統領,だいとうりょう,대통령,JLPT JLPT_2 JLPT_3,mQ?{N?L_2<
大半,たいはん,대부분,JLPT Intermediate_Japanese JLPT_3 JLPT_2 Intermediate_Japanese_Ln.13,L@eG[f#yFA
代表,だいひょう,대표,JLPT Intermediate_Japanese JLPT_3 JLPT_2 Intermediate_Japanese_Ln.7,[cqqR!>%Z
大部分,だいぶぶん,대부분,JLPT JLPT_2 JLPT_3,xCOUr6=j:7
タイプライター,タイプライター,타자기,JLPT JLPT_2 JLPT_3,wfroZ+;inq
逮捕,たいほ,체포,JLPT JLPT_2 JLPT_3,"mP*P.Zr^,5"
題名,だいめい,제목,JLPT JLPT_2 JLPT_3,x5M%%Ua514
ダイヤ,ダイヤ,다이아,JLPT JLPT_2 JLPT_3,u65Ybwgo>d
太陽,たいよう,태양,JLPT JLPT_2 JLPT_3,Ods5M>&o#p
平ら,たいら,평평한,JLPT JLPT_2 JLPT_3,CCHa|.m;y*
代理,だいり,서리,JLPT JLPT_2 JLPT_3,`LJ^*Zc6.
大陸,たいりく,대륙,JLPT Intermediate_Japanese JLPT_3 JLPT_2 Intermediate_Japanese_Ln.8,"j9v8D@q,-`"
倒す,たおす,"쓰러뜨리다, 쓰러트리다",JLPT JLPT_2 JLPT_3,O)2K@u<S75
タオル,タオル,수건,JLPT Genki_Ln.18 JLPT_3 JLPT_2 Genki,wEC@Qp%tX#
だが,だが,그렇지만,JLPT JLPT_2 JLPT_3,yVQqFsidK:
互い,たがい,"서로, 서로서로",JLPT JLPT_2 JLPT_3,"A/w*RxK,aS"
高める,たかめる,높이다,JLPT JLPT_2 JLPT_3,k95gRhn5$b
宝,たから,보물,JLPT JLPT_2 JLPT_3,"Ms,V*:XqhK"
宅,たく,댁,JLPT JLPT_2 JLPT_3,NDCW+QVEo*
炊く,たく,쑤다,JLPT JLPT_2 JLPT_3,nMc=w-?iw5
焚く,たく,불태우다,JLPT JLPT_2 JLPT_3,Dg<UbH>Qcm
抱く,だく,안다,JLPT JLPT_2 JLPT_3,KKtZ{u;?<t
だけど,だけど,하지만,JLPT JLPT_2 JLPT_3,B]!P5f2EJ8
たしか,たしか,확실함; 확실하다,JLPT JLPT_2 JLPT_3,Ai@Savd_m@
確かめる,たしかめる,다지다,JLPT JLPT_2 JLPT_3,zRU$$MH{a;
多少,たしょう,"다소, 약간",JLPT Intermediate_Japanese JLPT_3 JLPT_2 Intermediate_Japanese_Ln.13,Lr;d$E?/U|
助かる,たすかる,살아나다,JLPT Intermediate_Japanese Genki_Ln.18 JLPT_3 JLPT_2 Intermediate_Japanese_Ln.4 Genki,xVSsgH{D[a
助ける,たすける,돕다,JLPT Intermediate_Japanese JLPT_3 JLPT_2 Genki Genki_Ln.22 Intermediate_Japanese_Ln.3,l/GW}?_@LC
ただ,ただ,"무료, 오직",JLPT Intermediate_Japanese JLPT_3 JLPT_2 Intermediate_Japanese_Ln.9 Genki_Ln.23 Genki,FnqECB)M9z
只,ただ,"공것, 공짜",JLPT JLPT_2 JLPT_3,t3-MU5x.ml
唯,ただ,한갓,JLPT JLPT_2 JLPT_3,F%qA~M)1]b
戦い,たたかい,"싸움, 전투",JLPT JLPT_2 JLPT_3,q9<05fFYz
戦う,たたかう,다투다,JLPT Intermediate_Japanese JLPT_3 JLPT_2 Intermediate_Japanese_Ln.7,Bby>Z<O$Cf
叩く,たたく,"치다, 족치다",JLPT JLPT_2 JLPT_3,qn)FIw6-x/
直ちに,ただちに,곧바로,JLPT JLPT_2 JLPT_3,K6vcg?:lAW
畳む,たたむ,접다,JLPT JLPT_2 JLPT_3,rkct5mr//(
立ち上がる,たちあがる,기립하다,JLPT JLPT_2 JLPT_3,HlZc:`g<19
立場,たちば,입장,JLPT JLPT_2 JLPT_3,m+%3thjJjg
建つ,たつ,서다,JLPT Intermediate_Japanese JLPT_3 JLPT_2 Intermediate_Japanese_Ln.10,n<i_4fThiw
経つ,たつ,"가다, 있다",JLPT Intermediate_Japanese JLPT_3 JLPT_2 Intermediate_Japanese_Ln.4,"r,N`cWnW^X"
達する,たっする,"도달하다, 달하다",JLPT JLPT_2 JLPT_3,wK1Ias[)#c
唯,たった,어간의 하나,JLPT JLPT_2 JLPT_3,uOH:v;n@##
だって,だって,인들,JLPT JLPT_2 JLPT_3,EX/P_yzE.A
たっぷり,たっぷり,푸짐히,JLPT JLPT_2 JLPT_3,m+yv?z5be0
たとえ,たとえ,"설령, 설사",JLPT JLPT_2 JLPT_3,hFX[Llvj7<
谷,たに,"골, 골짜기",JLPT JLPT_2 JLPT_3,hcMe_RS(U*
他人,たにん,타인,JLPT JLPT_2 JLPT_3,hCa*aP>NLK
種,たね,씨앗,JLPT JLPT_2 JLPT_3,q$QKyzwhUV
束,たば,다발,JLPT JLPT_2 JLPT_3,HpG5d&jd4^
足袋,たび,일본식 버선,JLPT JLPT_2 JLPT_3,bhqtwW<taj
度,たび,"번, 회(횟수 단위)",JLPT JLPT_2 JLPT_3,c~q$.~Py-+
旅,たび,여행,JLPT JLPT_2 JLPT_3,AP3&ju<[do
たびたび,たびたび,"자주, 반복적으로, 빈번하게",JLPT JLPT_2 JLPT_3,N_zxk]NfeP
玉,たま,사리,JLPT JLPT_2 JLPT_3,kel|c(YKw~
球,たま,사리,JLPT JLPT_2 JLPT_3,"IL5}@,L(HU"
弾,たま,"총알, 탄환",JLPT JLPT_2 JLPT_3,t`CC/|.iog
偶,たま,"짝, 우연",JLPT JLPT_2 JLPT_3,H%.6|y[Mxx
騙す,だます,후리다,JLPT JLPT_2 JLPT_3,Lk)a>8:jDg
偶々,たまたま,"우연히, 때마침",JLPT JLPT_2 JLPT_3,JUx|gK)1.9
たまらない,たまらない,몸살(이) 나다,JLPT JLPT_2 JLPT_3,l`8q_oGHnv
溜まる,たまる,괴다,JLPT JLPT_2 JLPT_3,vB$#wF*|#8
黙る,だまる,침묵하다,JLPT JLPT_2 JLPT_3,s)emL*qV&)
試し,ためし,시험,JLPT JLPT_2 JLPT_3,qBNYe=mSa8
試す,ためす,시험하다,JLPT JLPT_2 JLPT_3,OHz{.@pYIY
溜める,ためる,가두다,JLPT JLPT_2 JLPT_3,I-!#mDL3^x
便り,たより,서신,JLPT JLPT_2 JLPT_3,gbz0bmQQdz
頼る,たよる,"의존하다, 기대다",JLPT JLPT_2 JLPT_3,Cpd=G;du6L
段,だん,단,JLPT JLPT_2 JLPT_3,CK0>fzUr{x
単位,たんい,"학점, 단위",JLPT Intermediate_Japanese JLPT_3 JLPT_2 Intermediate_Japanese_Ln.3,ddo&;VY0jx
単語,たんご,단어,JLPT JLPT_3 JLPT_2 Genki_Ln.9 Genki,v$Mi}v}l@p
男子,だんし,남자,JLPT JLPT_2 JLPT_3,o|;<c@[|f3
単純,たんじゅん,단순,JLPT JLPT_2 JLPT_3,c0+aDZX4Q5
誕生,たんじょう,탄생,JLPT JLPT_2 JLPT_3,dP`<<G(e41
ダンス,ダンス,춤,JLPT JLPT_2 JLPT_3,euR|T?GwM~
団体,だんたい,단체,JLPT JLPT_2 JLPT_3,N[4TY72XQk
担当,たんとう,담당,JLPT JLPT_2 JLPT_3,eVQE*ebssb
単なる,たんなる,단지,JLPT Intermediate_Japanese JLPT_3 JLPT_2 Intermediate_Japanese_Ln.15,bCE(TsI6rY
単に,たんに,비단,JLPT JLPT_2 JLPT_3,ndj9zxLbCH
地,ち,땅,JLPT JLPT_2 JLPT_3,o?b;2k}iDx
地位,ちい,지위,JLPT JLPT_2 JLPT_3,PA:U(:c/cc
地域,ちいき,지역,JLPT JLPT_2 JLPT_3,kp_^FvzmU=
チーズ,チーズ,치즈,JLPT Intermediate_Japanese JLPT_3 JLPT_2 Intermediate_Japanese_Ln.9,v`l$a/$V*R
チーム,チーム,팀,JLPT Intermediate_Japanese JLPT_3 JLPT_2 Intermediate_Japanese_Ln.7,zOpx4Q5dSu
知恵,ちえ,지혜,JLPT JLPT_2 JLPT_3,jp9hTe)yc?
地下,ちか,지하,JLPT JLPT_2 JLPT_3,I;*P_Q7^ak
違い,ちがい,"차이, 차이점",Genki_Ln.17 JLPT JLPT_3 JLPT_2 Genki,E&4b+:J$~A
違いない,ちがいない,맞다,JLPT JLPT_2 JLPT_3,hLl(I;+k]7
近頃,ちかごろ,"요사이, 요새",JLPT JLPT_2 JLPT_3,f(L:7>]T]*
地球,ちきゅう,지구,JLPT JLPT_2 JLPT_3,qL[iG:?A.4
地区,ちく,지구,JLPT JLPT_2 JLPT_3,f^*Mzp$yP!
遅刻,ちこく,지각,JLPT JLPT_2 JLPT_3,BI&hsIsXx!
知事,ちじ,지사,JLPT Intermediate_Japanese JLPT_3 JLPT_2 Intermediate_Japanese_Ln.4,ISq?4C~q1c
知識,ちしき,지식,JLPT Intermediate_Japanese JLPT_3 JLPT_2 Intermediate_Japanese_Ln.1,JB`8NU-%cx
父親,ちちおや,부친,JLPT JLPT_2 JLPT_3,x^b@}}_x/I
知能,ちのう,지능,JLPT JLPT_2 JLPT_3,s0*$SOLx]G
地平線,ちへいせん,지평선,JLPT JLPT_2 JLPT_3,K*ilXC|Xu$
地方,ちほう,지방,JLPT JLPT_2 JLPT_3,"z)]^*l}=r,"
茶,ちゃ,차,JLPT JLPT_2 JLPT_3,"fMCQ,=~B@s"
チャンス,チャンス,기회,JLPT JLPT_2 JLPT_3,m8a~R)2L&s
ちゃんと,ちゃんと,"충분히, 제대로",JLPT JLPT_2 JLPT_3,fb]dH3uhx1
中,ちゅう,중,JLPT JLPT_2 JLPT_3,giNr]3xbMq
注,ちゅう,주,JLPT JLPT_2 JLPT_3,ewit4l?.v2
中央,ちゅうおう,가운데,JLPT JLPT_2 JLPT_3,hbJS=^3J3d
中学,ちゅうがく,중학교,JLPT Intermediate_Japanese JLPT_3 JLPT_2 Intermediate_Japanese_Ln.1,BDc+1/~Gst
中古,ちゅうこ,중고,JLPT JLPT_2 JLPT_3,oGNXy5VYfH
中止,ちゅうし,중지,JLPT JLPT_2 JLPT_3,blGv@A}r>*
駐車,ちゅうしゃ,주차,JLPT JLPT_2 JLPT_3,r:>>eJ5z0v
昼食,ちゅうしょく,오찬,JLPT Intermediate_Japanese JLPT_3 JLPT_2 Intermediate_Japanese_Ln.6,Ce&bm$.+x}
中心,ちゅうしん,"축, 중심",JLPT Intermediate_Japanese JLPT_3 JLPT_2 Intermediate_Japanese_Ln.10,qN$B1x]6v4
注目,ちゅうもく,"눈길, 조명",JLPT JLPT_2 JLPT_3,D//womH([Q
注文,ちゅうもん,주문,JLPT JLPT_2 JLPT_3,"s6G1Y@{fM,"
長期,ちょうき,장기,JLPT JLPT_2 JLPT_3,c8O%1yU]YR
調査,ちょうさ,조사,JLPT Intermediate_Japanese JLPT_3 JLPT_2 Intermediate_Japanese_Ln.5,d$M#lyGTF?
調子,ちょうし,"컨디션, 톤",JLPT Intermediate_Japanese JLPT_3 JLPT_2 Intermediate_Japanese_Ln.5,"d]P8,Fg)ha"
頂上,ちょうじょう,정상,JLPT JLPT_2 JLPT_3,dQdf#E1ni7
ちょうだい,ちょうだい,주세요,JLPT Intermediate_Japanese JLPT_3 JLPT_2 Intermediate_Japanese_Ln.11,o/CK30c)[2
貯金,ちょきん,저금,JLPT JLPT_2 JLPT_3,Qk=_]>V~E6
直接,ちょくせつ,직접,JLPT JLPT_2 JLPT_3,s&G:wJLBgj
著者,ちょしゃ,필자,JLPT JLPT_2 JLPT_3,f3<v-734W$
散らす,ちらす,흩다,JLPT JLPT_2 JLPT_3,vw$z+tJyr%
散る,ちる,지다,JLPT JLPT_2 JLPT_3,J2:m]+werC
遂に,ついに,종내,JLPT JLPT_2 JLPT_3,nxB*ZCg|Xk
通過,つうか,통과,JLPT JLPT_2 JLPT_3,ph$_=yR?BI
通貨,つうか,통화,JLPT JLPT_2 JLPT_3,/j4TmH~2}
通学,つうがく,통학,JLPT JLPT_2 JLPT_3,J:l]_|3w@r
通勤,つうきん,통근,JLPT JLPT_2 JLPT_3,e/9Ql]v_wl
通行,つうこう,통행,JLPT JLPT_2 JLPT_3,c^6[uEL+8F
通じる,つうじる,통하다,JLPT JLPT_2 JLPT_3,t0;rVhq2PA
通信,つうしん,통신,JLPT JLPT_2 JLPT_3,jbQzL}efHR
通訳,つうやく,통역,JLPT Intermediate_Japanese JLPT_3 JLPT_2 Intermediate_Japanese_Ln.8,A:!.K&=/gb
捕まる,つかまる,잡히다,JLPT JLPT_3 JLPT_2 Genki Genki_Ln.21,zje2ssH%h&
掴む,つかむ,움켜잡다,JLPT JLPT_2 JLPT_3,AX[XflD{[A
疲れ,つかれ,피로,JLPT JLPT_2 JLPT_3,il1GiN=]{4
付き合い,つきあい,친분,JLPT Intermediate_Japanese JLPT_3 JLPT_2 Intermediate_Japanese_Ln.5,y]4O/.LN};
付合う,つきあう,"사귀다, 어울리다",JLPT JLPT_2 JLPT_3,comK`lsMXR
次々,つぎつぎ,"차례로, 하나씩",JLPT JLPT_2 JLPT_3,tMy_Cz-rgH
付く,つく,따라붙다,JLPT JLPT_2 JLPT_3,CCTf>ERIuq
就く,つく,"앉다, 오르다",JLPT JLPT_2 JLPT_3,f$o&/[vj_J
突く,つく,찌르다,JLPT JLPT_2 JLPT_3,deUV5De}4o
次ぐ,つぐ,버금가다,JLPT JLPT_2 JLPT_3,lPJSJa%iEy
注ぐ,つぐ,붓다,JLPT JLPT_2 JLPT_3,H]>=HALt|h
付ける,つける,붙이다,JLPT JLPT_2 JLPT_3,COK~n$@s;+
着ける,つける,"붙이다, 차다",JLPT JLPT_2 JLPT_3,xK/@QFUs`+
伝わる,つたわる,건너다,JLPT JLPT_2 JLPT_3,I(SdOHy)n4
土,つち,토양,JLPT JLPT_2 JLPT_3,b0C;E+y*OO
続き,つづき,속편,JLPT JLPT_2 JLPT_3,DOx[F]Tq]~
包み,つつみ,꾸러미,JLPT JLPT_2 JLPT_3,"A$,U3V5z/a"
勤め,つとめ,"근무, 직장",JLPT JLPT_2 JLPT_3,jyI}</P9|V
務め,つとめ,책무,JLPT JLPT_2 JLPT_3,HBnD=Z&jL.
繋がる,つながる,연결되다,JLPT JLPT_2 JLPT_3,o>5Zj80/>t
繋ぐ,つなぐ,묶다,JLPT JLPT_2 JLPT_3,dvYDG|g:)z
繋げる,つなげる,잇달다,JLPT JLPT_2 JLPT_3,CaP($Be11=
常に,つねに,항시,JLPT Intermediate_Japanese JLPT_3 JLPT_2 Intermediate_Japanese_Ln.11,"bxwo]l,au."
翼,つばさ,날개,JLPT JLPT_2 JLPT_3,h7J%]@@_.i
つまり,つまり,곧,JLPT Intermediate_Japanese JLPT_3 JLPT_2 Intermediate_Japanese_Ln.2,Qct:$c#r&I
罪,つみ,죄,JLPT JLPT_2 JLPT_3,MgWjvX`Yu]
積む,つむ,쌓다,JLPT JLPT_2 JLPT_3,"j$?]*}X8^,"
詰める,つめる,좁히다,JLPT JLPT_2 JLPT_3,r`t;z%W._9
積もる,つもる,쌓이다,JLPT JLPT_2 JLPT_3,B|7C=u@tnY
梅雨,つゆ,장마,JLPT JLPT_2 JLPT_3,Kq1aO&o3e~
辛い,つらい,쓰라리다,JLPT JLPT_2 JLPT_3,x#3!zMZ{Ua
釣,つり,낚시,JLPT JLPT_2 JLPT_3,hp*Ne3T*|9
連れ,つれ,"동행, 동반자",JLPT JLPT_2 JLPT_3,"M#vEpHbV,1"
出,で,어간의 하나,JLPT JLPT_2 JLPT_3,w{EtNFmA(5
出会い,であい,만남,JLPT JLPT_2 JLPT_3,d]*3#}qvAo
出合い,であい,만남,JLPT JLPT_2 JLPT_3,NNhd{.G%>}
出会う,であう,만나다,JLPT JLPT_2 JLPT_3,OTct<~-|UE
提案,ていあん,제안,JLPT JLPT_2 JLPT_3,"iGm7,)MoHt"
定期,ていき,정기 예금,JLPT JLPT_2 JLPT_3,A!sHO/~:s^
抵抗,ていこう,저항,JLPT JLPT_2 JLPT_3,N(w.Tb~N=E
提出,ていしゅつ,제출,JLPT JLPT_2 JLPT_3,_gNbOk8-6
停電,ていでん,정전,JLPT JLPT_2 JLPT_3,H}DrQpl/{h
程度,ていど,정도,JLPT JLPT_2 JLPT_3,F`R&X?&TVu
停留所,ていりゅうじょ,정류장,JLPT JLPT_2 JLPT_3,Awx`muH^bu
デート,デート,데이트,JLPT Intermediate_Japanese JLPT_3 JLPT_2 Intermediate_Japanese_Ln.5 Genki_Ln.3 Genki,OE9g6(Wr!Q
敵,てき,적,JLPT JLPT_2 JLPT_3,Ea+9Js(Fd+
出来事,できごと,사건,JLPT JLPT_2 JLPT_3,jSaj(o[]4Q
適する,てきする,합당하다,JLPT JLPT_2 JLPT_3,BBp^;rnN&Z
適切,てきせつ,적절한,JLPT JLPT_2 JLPT_3,GJ78SM<nAC
適度,てきど,적당한,JLPT JLPT_2 JLPT_3,"P,Aa?trXr^"
適用,てきよう,적용,JLPT JLPT_2 JLPT_3,F[1:.C?p}A
できれば,できれば,될 수 있으면,JLPT JLPT_2 JLPT_3,Nl1_P@+[2J
手品,てじな,마술,JLPT JLPT_2 JLPT_3,Bmip}Vg}I5
ですから,ですから,따라서,JLPT JLPT_2 JLPT_3,Jo!p#Qfr#o
鉄,てつ,"무쇠, 쇠",JLPT JLPT_2 JLPT_3,u7QQ@g<pTi
哲学,てつがく,철학,JLPT JLPT_2 JLPT_3,w4;9Z6RDj*
手伝い,てつだい,도움,JLPT JLPT_2 JLPT_3,KsJJ=HC*D~
徹底,てってい,철저,JLPT JLPT_2 JLPT_3,u^FH5{m=7A
鉄道,てつどう,철도,JLPT Intermediate_Japanese JLPT_3 JLPT_2 Intermediate_Japanese_Ln.10,fH8D~mT1*!
徹夜,てつや,"밤새움, 밤샘",JLPT Intermediate_Japanese JLPT_3 JLPT_2 Intermediate_Japanese_Ln.7,"Lx.`K,!_&%"
手間,てま,품,JLPT JLPT_2 JLPT_3,zh##v%wLiw
デモ,デモ,데모,JLPT JLPT_2 JLPT_3,zxldW(*v39
典型,てんけい,전형,JLPT JLPT_2 JLPT_3,b#]l?Jh5h
天候,てんこう,날씨,JLPT JLPT_2 JLPT_3,Du(D%o0?(h
電子,でんし,전자,JLPT JLPT_2 JLPT_3,KF~X[<t._6
テント,テント,텐트,JLPT JLPT_2 JLPT_3,C+]@`|c9$-
伝統,でんとう,전통,JLPT JLPT_2 JLPT_3,b?a#:(nI:=
天然,てんねん,자연산,JLPT JLPT_2 JLPT_3,mJ@k+Q+jCj
問い,とい,물음,JLPT JLPT_2 JLPT_3,qN5[}C*k;Z
党,とう,당,JLPT JLPT_2 JLPT_3,CwN*@P-oun
塔,とう,탑,JLPT JLPT_2 JLPT_3,K]pA87hQ2g
答案,とうあん,답안지,JLPT JLPT_2 JLPT_3,MoK&)Fu]bx
同一,どういつ,동일,JLPT JLPT_2 JLPT_3,l<daK{7I?K
銅貨,どうか,동전,JLPT JLPT_2 JLPT_3,v?#F}bohO.
当時,とうじ,당시,JLPT Intermediate_Japanese JLPT_3 JLPT_2 Intermediate_Japanese_Ln.13,cAqI6F$%jo
動詞,どうし,동사,JLPT JLPT_2 JLPT_3,Jt^|GpM7=V
同時,どうじ,동시,JLPT JLPT_2 JLPT_3,yvg^A$k^a|
どうしても,どうしても,아무래도,JLPT Intermediate_Japanese JLPT_3 JLPT_2 Intermediate_Japanese_Ln.11,u>t|EJmDdT
どうぞよろしく,どうぞよろしく,아무쪼록 잘 부탁드립니다,JLPT JLPT_2 JLPT_3,k:&n.w>9]!
到着,とうちゃく,도착,JLPT JLPT_2 JLPT_3,i)aR;Wlc03
道徳,どうとく,도덕,JLPT JLPT_2 JLPT_3,F<|nkQy)11
投票,とうひょう,투표,JLPT JLPT_2 JLPT_3,NlT[;z*wrK
東洋,とうよう,동양,JLPT JLPT_2 JLPT_3,kzZ}UECtrI
同様,どうよう,마찬가지,JLPT JLPT_2 JLPT_3,w[nqm0x.)$
童謡,どうよう,동요,JLPT JLPT_2 JLPT_3,pW$[md&UnE
同僚,どうりょう,동료,JLPT Intermediate_Japanese JLPT_3 JLPT_2 Intermediate_Japanese_Ln.6 Genki Genki_Ln.21,Ra.t5JBS3r
道路,どうろ,도로,JLPT JLPT_2 JLPT_3,zy.8&725kR
通す,とおす,통과시키다,JLPT JLPT_2 JLPT_3,iHbDjUw`ah
通り過ぎる,とおりすぎる,"통과하다, 지나가다",JLPT JLPT_2 JLPT_3,n%iou*]&!6
都会,とかい,도회,JLPT JLPT_2 JLPT_3,p*_|WF)kYy
溶く,とく,풀다,JLPT JLPT_2 JLPT_3,M1t!(0fZzF
解く,とく,풀이하다,JLPT JLPT_2 JLPT_3,b.j;M[.:j7
退く,どく,비키다,JLPT JLPT_2 JLPT_3,c$$~C+pfb}
毒,どく,독,JLPT JLPT_2 JLPT_3,DARItH3te]
得意,とくい,득의,JLPT JLPT_2 JLPT_3,w<S{;~)l0:
読書,どくしょ,독서,JLPT JLPT_2 JLPT_3,F6~L<UDvE+
独身,どくしん,독신,JLPT Intermediate_Japanese JLPT_3 JLPT_2 Intermediate_Japanese_Ln.14,img~a/~?x<
特徴,とくちょう,특징,JLPT Intermediate_Japanese JLPT_3 JLPT_2 Intermediate_Japanese_Ln.10,dd#*-FyzHW
特長,とくちょう,특별장소,JLPT JLPT_2 JLPT_3,e_t7Cd~09D
独特,どくとく,독특; 독특한,JLPT JLPT_2 JLPT_3,"hWn,<pPOA"
独立,どくりつ,독립,JLPT JLPT_2 JLPT_3,wgVbY)l!G:
溶ける,とける,녹다,JLPT JLPT_2 JLPT_3,Go3eNt+^C%
解ける,とける,해빙되다,JLPT JLPT_2 JLPT_3,E_4w+LM=cF
どこか,どこか,어디,JLPT JLPT_2 JLPT_3,n<7QA|Q%GZ
ところが,ところが,한데,JLPT JLPT_2 JLPT_3,m-8$vGofT(
ところで,ところで,한데,JLPT Intermediate_Japanese JLPT_3 JLPT_2 Intermediate_Japanese_Ln.1,yzfKCn.aBb
登山,とざん,등산,JLPT JLPT_2 JLPT_3,N-%3i1PqFk
都市,とし,도시,JLPT JLPT_2 JLPT_3,tNXI!+#v:`
年月,としつき,세월,JLPT JLPT_2 JLPT_3,b%`/I;RJ$^
図書,としょ,도서,JLPT JLPT_2 JLPT_3,e>Nm^AgJ])
年寄,としより,노인,JLPT JLPT_2 JLPT_3,dH(n+sRgp{
閉じる,とじる,감다,JLPT JLPT_2 JLPT_3,JWs?hJ:*yD
途端,とたん,바로 그 순간,JLPT JLPT_2 JLPT_3,hC>h/uXgyk
土地,とち,"토지, 땅",JLPT JLPT_2 JLPT_3,d;>FkWx>zj
突然,とつぜん,"돌연, 돌연히",JLPT JLPT_2 JLPT_3,u9EG(SkQ{j
トップ,トップ,정상,JLPT JLPT_2 JLPT_3,q]>Jr![.(N
届く,とどく,"닿다, 오다",JLPT JLPT_2 JLPT_3,e?<7!g}yZ;
とにかく,とにかく,"어쨌든, 어쨌든지",JLPT JLPT_3 JLPT_2 Genki Genki_Ln.21,im{&K_@wV
飛ばす,とばす,건너뛰다,JLPT JLPT_2 JLPT_3,Hs}AOgVJU~
飛び出す,とびだす,"뛰쳐나가다, 뛰쳐나오다",JLPT JLPT_2 JLPT_3,jD`AkcS%la
留める,とめる,"고정하다, 붙이다",JLPT JLPT_2 JLPT_3,EluezN4]RV
泊める,とめる,정박하다; 재우다,JLPT Intermediate_Japanese JLPT_3 JLPT_2 Intermediate_Japanese_Ln.1,sr$3#;WnNi
友,とも,친구,JLPT JLPT_2 JLPT_3,I(06/Hp@B7
共に,ともに,함께,JLPT JLPT_2 JLPT_3,J&blXp45W[
虎,とら,호랑이,JLPT JLPT_2 JLPT_3,q3*!nq{_pc
ドライブ,ドライブ,드라이브,JLPT Genki_Ln.11 JLPT_3 JLPT_2 Genki,"I,~F.X8Z8F"
トラック,トラック,"트랙, 트럭",JLPT JLPT_2 JLPT_3,q*_SbJJ@!!
ドラマ,ドラマ,드라마,JLPT JLPT_2 JLPT_3,mL~N]Bfwf}
トランプ,トランプ,트럼프,JLPT JLPT_2 JLPT_3,m&n=U!*VAu
取り上げる,とりあげる,"거론하다, 빼앗다",JLPT JLPT_2 JLPT_3,hUa->MmssI
努力,どりょく,노력,JLPT Intermediate_Japanese JLPT_3 JLPT_2 Intermediate_Japanese_Ln.14,P$}d5=b$SY
トレーニング,トレーニング,트레이닝,JLPT JLPT_2 JLPT_3,h-6r=v)@/P
ドレス,ドレス,드레스,JLPT JLPT_2 JLPT_3,wj.H_PUH[6
取れる,とれる,떨어지다,JLPT JLPT_2 JLPT_3,Hw{&qvpk7n
泥,どろ,진흙,JLPT JLPT_2 JLPT_3,d(Q$9Oy/;r
トン,トン,톤,JLPT JLPT_2 JLPT_3,c$BFN)`=lz
とんでもない,とんでもない,천만에,JLPT JLPT_2 JLPT_3,bl*lVwAn^S
どんなに,どんなに,오죽,JLPT JLPT_2 JLPT_3,AecyZ~s0IY
トンネル,トンネル,터널,JLPT JLPT_2 JLPT_3,"gyvzV/QL,O"
名,な,이름,JLPT JLPT_2 JLPT_3,O0j|#CZ{DW
内容,ないよう,"내용, 내용물",JLPT JLPT_2 JLPT_3,i{JT|O:vZ0
なお,なお,역시; 여전히; 아직,JLPT JLPT_2 JLPT_3,x$e]XDdzMn
仲,なか,사이,JLPT JLPT_2 JLPT_3,x6DIm?q|TP
流す,ながす,짜다,JLPT JLPT_2 JLPT_3,b9+3bd5x%g
半ば,なかば,중턱,JLPT JLPT_2 JLPT_3,m<2jyxDj3g
仲間,なかま,동료,JLPT JLPT_2 JLPT_3,O~m#4j_48)
中身,なかみ,내용,JLPT Intermediate_Japanese JLPT_3 JLPT_2 Intermediate_Japanese_Ln.13,J`BoSI)KdS
中味,なかみ,내용물,JLPT JLPT_2 JLPT_3,iXe{m_#VVd
眺め,ながめ,경치,JLPT Intermediate_Japanese JLPT_3 JLPT_2 Intermediate_Japanese_Ln.10,q7BF&&<kDs
眺める,ながめる,"바라보다, 바라다보다",JLPT JLPT_2 JLPT_3,Jux]l79hU7
流れ,ながれ,흐름,JLPT JLPT_2 JLPT_3,d.aR+yRU]C
流れる,ながれる,쓸리다,JLPT JLPT_2 JLPT_3,L(]6kjxkO5
亡くす,なくす,잃다,JLPT JLPT_2 JLPT_3,KL@%|R=4Tw
殴る,なぐる,치다,JLPT JLPT_3 JLPT_2 Genki Genki_Ln.21,eS]UZnH]O8
無し,なし,없음,JLPT JLPT_2 JLPT_3,tUofx+jM%K
なぜなら,なぜなら,왜냐하면,JLPT JLPT_2 JLPT_3,H{Gk:ou^*M
謎,なぞ,수수께끼,JLPT JLPT_2 JLPT_3,"NDO,I}[;_1"
納得,なっとく,납득,JLPT JLPT_2 JLPT_3,JuwJ4CGSR`
何か,なにか,무언가,JLPT JLPT_3 JLPT_2 Genki_Ln.8 Genki,j.C?;uY)C5
なにも,なにも,아무것도(부정과 함께),JLPT JLPT_2 JLPT_3,MXWN];^p1V
鍋,なべ,냄비,JLPT JLPT_2 JLPT_3,mwf<LRd<l+
生,なま,생-,JLPT JLPT_2 JLPT_3,r*Fk8g)/r@
怠ける,なまける,게을리하다,JLPT JLPT_2 JLPT_3,"yx?2EFwB,]"
波,なみ,"파도, 파동",JLPT JLPT_2 JLPT_3,pN{_T4/c^1
涙,なみだ,눈물,JLPT JLPT_2 JLPT_3,oRUb;($Ghp
悩む,なやむ,고민하다,JLPT Intermediate_Japanese JLPT_3 JLPT_2 Intermediate_Japanese_Ln.14,bu-LsE_(B1
鳴らす,ならす,울리다,JLPT JLPT_2 JLPT_3,i97JG)YBV+
為る,なる,하다,JLPT JLPT_2 JLPT_3,bNL#{T]zX=
生る,なる,열리다,JLPT JLPT_2 JLPT_3,L4foi?c6%U
馴れる,なれる,젖다,JLPT JLPT_2 JLPT_3,ol(4_S7K{0
縄,なわ,밧줄,JLPT JLPT_2 JLPT_3,n`oE5IcC;2
何で,なんで,"무어, 뭐",JLPT JLPT_2 JLPT_3,HqNM3@mEGg
何でも,なんでも,무엇이든,JLPT JLPT_2 JLPT_3,KLOu@z)~5u
何とか,なんとか,어떻게든,JLPT JLPT_2 JLPT_3,PsxfE&mMV)
似合う,にあう,어울리다,JLPT Intermediate_Japanese JLPT_3 JLPT_2 Intermediate_Japanese_Ln.11,jtNV<xuHWD
煮える,にえる,익다,JLPT JLPT_2 JLPT_3,"bik,,M3:tN"
苦手,にがて,질색,JLPT JLPT_2 JLPT_3,M3gYUPwtEh
握る,にぎる,"휘어잡다, 거머쥐다, 그러쥐다",JLPT JLPT_2 JLPT_3,vmSd+R!f5d
日,にち,날,JLPT JLPT_2 JLPT_3,Nod.Sq)g|g
日常,にちじょう,일상,JLPT JLPT_2 JLPT_3,m=K]ZkdB>_
日光,にっこう,"햇볕, 햇살",JLPT JLPT_2 JLPT_3,O|V6=xs6Hv
日中,にっちゅう,대낮,JLPT JLPT_2 JLPT_3,1%wJTAZoF
にっこり,にっこり,"푸시시, 해죽해죽",JLPT JLPT_2 JLPT_3,A?rMl+E(~y
日本,にっぽん,일본,JLPT JLPT_2 JLPT_3,xVTGJL[~Hv
日本,にほん,일본,JLPT JLPT_3 JLPT_2 Genki_Ln.1 Genki,"PdXU2>,+,$"
入場,にゅうじょう,입장,JLPT JLPT_2 JLPT_3,zYrH7+;Jc+
煮る,にる,익히다,JLPT JLPT_2 JLPT_3,"GsAuw,hW%."
人気,にんき,인기,JLPT JLPT_2 JLPT_3,IO!K5zC:])
人間,にんげん,인간,JLPT Intermediate_Japanese JLPT_3 JLPT_2 Intermediate_Japanese_Ln.11,to[4Ed0}
抜く,ぬく,뽑다,JLPT JLPT_2 JLPT_3,J$S#dr#O.=
抜ける,ぬける,빠지다,JLPT JLPT_2 JLPT_3,J{iiC<@SQ{
布,ぬの,옷감,JLPT JLPT_2 JLPT_3,q$ysjT]VCx
濡らす,ぬらす,적시다,JLPT JLPT_2 JLPT_3,z@Vcw1=;j2
根,ね,뿌리,JLPT JLPT_2 JLPT_3,d=p6h26.c<
値,ね,값,JLPT JLPT_2 JLPT_3,EQ[K4a8j3!
願い,ねがい,"청, 축원",JLPT JLPT_2 JLPT_3,sUyGKFZ%Xv
願う,ねがう,바라다,JLPT JLPT_2 JLPT_3,2e?!QE;A1
鼠,ねずみ,쥐,JLPT JLPT_2 JLPT_3,G}*K+YvkrL
熱帯,ねったい,열대,JLPT JLPT_2 JLPT_3,kkWXGyi|&~
熱中,ねっちゅう,열중,JLPT JLPT_2 JLPT_3,lPMoEzcLqx
年間,ねんかん,"연, 연간",JLPT JLPT_2 JLPT_3,d_NdY-B:AA
年月,ねんげつ,세월,JLPT JLPT_2 JLPT_3,p^QZ#pHDS+
年中,ねんじゅう,연중,JLPT JLPT_2 JLPT_3,E0SJPrLvM7
年代,ねんだい,연대,JLPT JLPT_2 JLPT_3,wqq!d<%$gr
年齢,ねんれい,나이,JLPT JLPT_2 JLPT_3,"lI,ZQ1?Z/$"
野,の,들녘,JLPT JLPT_2 JLPT_3,y-+2`{({f&
能,のう,능사,JLPT JLPT_2 JLPT_3,m[Pt*UAu7d
農家,のうか,농삿집,JLPT JLPT_2 JLPT_3,v*vXrV&l.l
農業,のうぎょう,농업,JLPT Intermediate_Japanese JLPT_3 JLPT_2 Intermediate_Japanese_Ln.10,A3L<i~4B/)
農民,のうみん,농민,JLPT JLPT_2 JLPT_3,l^C||-Q@FF
能力,のうりょく,능력,JLPT JLPT_2 JLPT_3,PQ%>W3<m<u
ノー,ノー,아니오,JLPT JLPT_2 JLPT_3,A$DCH!&r|T
軒,のき,처마,JLPT JLPT_2 JLPT_3,DjCz-B0?P;
残す,のこす,뒤로하다,JLPT JLPT_2 JLPT_3,G9}3C/kn`n
残り,のこり,나머지,JLPT JLPT_2 JLPT_3,1Ev%4g:!#
乗せる,のせる,내다,JLPT JLPT_2 JLPT_3,P;&]8~|B5t
載せる,のせる,얹다,JLPT JLPT_2 JLPT_3,c~;t;&Vnza
覗く,のぞく,들여다보다,JLPT JLPT_2 JLPT_3,Hy+I.kN0`%
除く,のぞく,제외하다,JLPT JLPT_2 JLPT_3,y<H]05[a~3
望み,のぞみ,소망,JLPT JLPT_2 JLPT_3,QMT.-k$<Eb
望む,のぞむ,소망하다,JLPT JLPT_2 JLPT_3,"eI17,m{o4{"
後,のち,"뒤, 이후",JLPT JLPT_2 JLPT_3,Rbg3w%yZT]
ノック,ノック,노크,JLPT JLPT_2 JLPT_3,I|?mZ`76Sc
伸ばす,のばす,뻗다,JLPT JLPT_2 JLPT_3,xaB1#1Nz$
延ばす,のばす,"돌리다, 물리다",JLPT JLPT_2 JLPT_3,MCU^h_@4jl
伸びる,のびる,늘다,JLPT JLPT_2 JLPT_3,BVa+StSI^2
延びる,のびる,늘어지다,JLPT JLPT_2 JLPT_3,h;x99>{wy|
述べる,のべる,"말하다, 진술하다",JLPT Intermediate_Japanese JLPT_3 JLPT_2 Intermediate_Japanese_Ln.13,vf(j*ek(yX
上る,のぼる,올라가다,JLPT JLPT_2 JLPT_3,n99IdD&<1l
昇る,のぼる,떠오르다,JLPT JLPT_2 JLPT_3,B@kvH2BlIF
載る,のる,나오다,JLPT JLPT_2 JLPT_3,Nibr^Gs/g<
のんびり,のんびり,한가로이,JLPT JLPT_3 JLPT_2 Genki_Ln.22 Genki,lW(_0K#qr1
場,ば,"터, 판",JLPT JLPT_2 JLPT_3,GDd)tLjDFI
はあ (かん),はあ (かん),하아(한숨 또는 응답),JLPT JLPT_2 JLPT_3,q->2~QuZ7t
パーセント,パーセント,"퍼센트, 백분율",JLPT JLPT_2 JLPT_3,tRJyHS5V6y
灰,はい,재,JLPT JLPT_2 JLPT_3,yp;].asZlp
梅雨,ばいう,장마,JLPT JLPT_2 JLPT_3,PSy.Vi_[#
バイオリン,バイオリン,바이올린,JLPT Genki_Ln.13 JLPT_3 JLPT_2 Genki,P0|;%A4sXQ
ハイキング,ハイキング,하이킹,JLPT JLPT_2 JLPT_3,HcQ1$Os%x4
配達,はいたつ,"배달, 용달",JLPT JLPT_2 JLPT_3,xw:Qj132Wm
パイプ,パイプ,파이프,JLPT JLPT_2 JLPT_3,l4YS(}+dg9
俳優,はいゆう,배우,JLPT Intermediate_Japanese JLPT_3 JLPT_2 Intermediate_Japanese_Ln.13,fZuFXWr:[`
パイロット,パイロット,조종사,JLPT JLPT_2 JLPT_3,bJuDn%>JBm
生える,はえる,나다,JLPT JLPT_2 JLPT_3,H`:KnzwCJZ
墓,はか,무덤,JLPT JLPT_2 JLPT_3,"wyd?,|D3$8"
馬鹿,ばか,얼간이,JLPT JLPT_2 JLPT_3,NNq|t=8Aut
博士,はかせ,박사,JLPT JLPT_2 JLPT_3,ya}G1t{rx^
計る,はかる,측량하다,JLPT JLPT_2 JLPT_3,r=0WeQKi!d
量る,はかる,"측량하다, 달다",JLPT JLPT_2 JLPT_3,CRts&/>]cr
測る,はかる,측량하다,JLPT JLPT_2 JLPT_3,E)0?EIUz7g
掃く,はく,쓸다,JLPT JLPT_2 JLPT_3,vSCJIFU380
吐く,はく,토하다,JLPT Intermediate_Japanese JLPT_3 JLPT_2 Intermediate_Japanese_Ln.12,wVP@*4xm(:
拍手,はくしゅ,박수,JLPT JLPT_2 JLPT_3,QlF4N)gbDJ
莫大,ばくだい,"거대한, 광대한",JLPT JLPT_2 JLPT_3,E~?/H3*fy6
爆発,ばくはつ,폭발,JLPT JLPT_2 JLPT_3,g9VYFn:WwV
博物館,はくぶつかん,박물관,JLPT JLPT_2 JLPT_3,LpU/`O$e<h
激しい,はげしい,격렬하다,JLPT JLPT_2 JLPT_3,v6}uu]rF:b
はさみ,はさみ,가위,JLPT JLPT_2 JLPT_3,eD|fBc0re3
破産,はさん,파산,JLPT JLPT_2 JLPT_3,f7-bX^)CWC
端,はし,가장자리,JLPT JLPT_2 JLPT_3,lap$^>s}*W
始まり,はじまり,시작,JLPT JLPT_2 JLPT_3,I]JL:M+y+M
パス,パス,패스; 통행증; 합격,JLPT Intermediate_Japanese JLPT_3 JLPT_2 Intermediate_Japanese_Ln.10,hnnWC$6?3f
外す,はずす,끄르다,JLPT JLPT_2 JLPT_3,nj2An#}L(c
パスポート,パスポート,여권,JLPT JLPT_2 JLPT_3,jjzXZ[V)~Q
外れる,はずれる,"빠지다, 벗어나다",JLPT JLPT_2 JLPT_3,r]URt`fp_5
旗,はた,깃발,JLPT JLPT_2 JLPT_3,dNY/1a;w#%
肌,はだ,피부,JLPT JLPT_2 JLPT_3,gmj^ZD0zR@
裸,はだか,"누드, 알몸",JLPT JLPT_2 JLPT_3,O|p6i=|2+#
畑,はたけ,밭,JLPT JLPT_2 JLPT_3,rk<p3A[!PW
働き,はたらき,"일, 업무",JLPT JLPT_2 JLPT_3,G[F:Wb:]Y%
バッグ,バッグ,가방,JLPT JLPT_2 JLPT_3,^7.n+J;iq
発見,はっけん,발견,JLPT JLPT_2 JLPT_3,e1V)m7Fw)7
発行,はっこう,발행,JLPT JLPT_2 JLPT_3,O3&*)a48ia
発車,はっしゃ,발차,JLPT JLPT_2 JLPT_3,ml<@&G38CG
発射,はっしゃ,투사,JLPT JLPT_2 JLPT_3,F/fE`P6yl-
罰する,ばっする,벌하다,JLPT JLPT_2 JLPT_3,hbPUdBho_q
発達,はったつ,발달,JLPT JLPT_2 JLPT_3,Fi-WS4m5Vq
ばったり,ばったり,(우연히) 만나다,JLPT Intermediate_Japanese JLPT_3 JLPT_2 Intermediate_Japanese_Ln.11,hf@ltuFXs9
発展,はってん,"발전, 성장",JLPT JLPT_2 JLPT_3,niC<3l*Uz&
発表,はっぴょう,발표,Genki_Ln.15 JLPT JLPT_3 JLPT_2 Genki,q#5&i-N|DX
発明,はつめい,발명,JLPT JLPT_2 JLPT_3,"m%u/3I%I,u"
派手,はで,요란,JLPT JLPT_2 JLPT_3,t&Cvj}ttRu
話し合う,はなしあう,이야기하다,JLPT JLPT_2 JLPT_3,nVR8y%BClP
離す,はなす,"떨어뜨리다, 떨어트리다",JLPT JLPT_2 JLPT_3,"zQ6Rm,}F5G"
放す,はなす,"놔주다, 놓아주다",JLPT JLPT_2 JLPT_3,P8H2t4/rp$
離れる,はなれる,떨어지다,JLPT Intermediate_Japanese JLPT_3 JLPT_2 Intermediate_Japanese_Ln.15 Genki_Ln.23 Genki,Gk<MF_X=YD
放れる,はなれる,놓여나다,JLPT JLPT_2 JLPT_3,pQ8K=L1K+c
羽,はね,깃,JLPT JLPT_2 JLPT_3,LCMy2UZmN
羽根,はね,깃털,JLPT JLPT_2 JLPT_3,IFw6^-Jg|1
幅,はば,너비,JLPT JLPT_2 JLPT_3,yuqlNtOC6P
母親,ははおや,어머니,JLPT JLPT_2 JLPT_3,gl#dQh*e=R
省く,はぶく,생략하다,JLPT JLPT_2 JLPT_3,hA|}BeGd!`
場面,ばめん,장면,JLPT JLPT_2 JLPT_3,wCW&}Thr>1
流行る,はやる,유행하다,JLPT JLPT_2 JLPT_3,l+WfR9cGsI
腹,はら,배,JLPT JLPT_2 JLPT_3,sfZ+Z?`&!R
原,はら,"들, 벌판",JLPT JLPT_2 JLPT_3,c<(AEgR!*z
バランス,バランス,균형,JLPT JLPT_2 JLPT_3,QVn*9^P55E
針,はり,지침,JLPT JLPT_2 JLPT_3,QA`E9TI{mo
範囲,はんい,범위,JLPT JLPT_2 JLPT_3,r:1!2<WUUN
反抗,はんこう,반항,JLPT JLPT_2 JLPT_3,"IDJ,GPHc09"
犯罪,はんざい,범죄,JLPT Intermediate_Japanese JLPT_3 JLPT_2 Intermediate_Japanese_Ln.10,h9%1~S`/5q
ハンサム,ハンサム,잘생긴,JLPT JLPT_2 JLPT_3,F8GaX2S*6r
反省,はんせい,반성,JLPT JLPT_2 JLPT_3,jl_=K>.y=r
判断,はんだん,판단,JLPT JLPT_2 JLPT_3,v@gzHM&*wS
犯人,はんにん,범인,JLPT JLPT_3 JLPT_2 Genki Genki_Ln.21,KepmoPPwL&
販売,はんばい,판매,JLPT JLPT_2 JLPT_3,c`5qHhM#2.
灯,ひ,"불빛, 등불",JLPT JLPT_2 JLPT_3,I||i~_;O|L
ビール,ビール,맥주,JLPT Genki_Ln.11 JLPT_3 JLPT_2 Genki,l^Yo8c$buu
被害,ひがい,피해,JLPT Intermediate_Japanese JLPT_3 JLPT_2 Intermediate_Japanese_Ln.10,tAfC4<pK2g
比較,ひかく,비교,JLPT JLPT_2 JLPT_3,JGY{<0z3/z
ピクニック,ピクニック,야유회,JLPT JLPT_2 JLPT_3,oc^zhI)pBK
悲劇,ひげき,비극,JLPT JLPT_2 JLPT_3,EzhU5X_S}(
飛行,ひこう,비행,JLPT JLPT_2 JLPT_3,rAR4=4~Jb^
膝,ひざ,무릎,JLPT JLPT_2 JLPT_3,I?$>s3Mj7%
非常,ひじょう,비상,JLPT JLPT_2 JLPT_3,jIVGL0x@qc
美人,びじん,"미녀, 미인",JLPT JLPT_2 JLPT_3,g|cQb(%])I
額,ひたい,이마,JLPT JLPT_2 JLPT_3,K}(BncWd~a
日付,ひづけ,"날짜, 일자",JLPT JLPT_2 JLPT_3,jl00WKL;dH
引越し,ひっこし,이사,JLPT JLPT_2 JLPT_3,"rxV,INx<Hk"
必死,ひっし,필사,JLPT JLPT_2 JLPT_3,nC7R$*m=)e
ぴったり,ぴったり,십상,JLPT JLPT_2 JLPT_3,gEO0@gf40A
引っ張る,ひっぱる,"당기다, 잡아당기다",JLPT JLPT_2 JLPT_3,FzRJSNQfTY
否定,ひてい,부정,JLPT JLPT_2 JLPT_3,hq]bB}D.D
ビデオ,ビデオ,비디오,JLPT JLPT_3 JLPT_2 Genki_Ln.3 Genki,fVfQ41zUR-
一言,ひとこと,일언,JLPT Intermediate_Japanese JLPT_3 JLPT_2 Intermediate_Japanese_Ln.12,cb)`=-[#ld
人込み,ひとごみ,"인파, 혼잡",JLPT JLPT_2 JLPT_3,ew])gT]]&]
等しい,ひとしい,진배없다,JLPT JLPT_2 JLPT_3,g*T^:&)[`f
独り,ひとり,혼자,JLPT JLPT_2 JLPT_3,CIC9}ZNl+]
一人一人,ひとりひとり,하나하나,JLPT JLPT_2 JLPT_3,g/LDWyd~bV
批判,ひはん,비판,JLPT JLPT_2 JLPT_3,sSt}v%TolX
批評,ひひょう,평,JLPT JLPT_2 JLPT_3,nZusJ0/%}S
秘密,ひみつ,비밀,Genki_Ln.17 JLPT JLPT_3 JLPT_2 Genki,K8:/c`_D0>
微妙,びみょう,"섬세한, 미묘한",JLPT JLPT_2 JLPT_3,y[W__*[UUc
紐,ひも,"끈, 노끈",JLPT JLPT_2 JLPT_3,p`?=+t<[ZR
冷やす,ひやす,식히다,JLPT JLPT_2 JLPT_3,DSr^r:qjw.
費用,ひよう,비용,JLPT JLPT_2 JLPT_3,r1KmsC-Y<P
表,ひょう,표,JLPT JLPT_2 JLPT_3,C+2G67mxr#
秒,びょう,초,JLPT JLPT_2 JLPT_3,yX.tO*9QI!
評価,ひょうか,평가,JLPT JLPT_2 JLPT_3,u;D]S#_>Xe
表現,ひょうげん,표현,JLPT JLPT_2 JLPT_3,luB++%rSgA
表情,ひょうじょう,표정,JLPT JLPT_2 JLPT_3,hyoeK91[Bh
平等,びょうどう,평등,JLPT JLPT_2 JLPT_3,AJ(ugjSc/!
評判,ひょうばん,평판,JLPT JLPT_2 JLPT_3,wS@|p-w%.R
表面,ひょうめん,"거죽, 겉",JLPT JLPT_2 JLPT_3,u`tQMUrn$Y
広がる,ひろがる,퍼지다,JLPT JLPT_2 JLPT_3,uwnemtdnp7
広げる,ひろげる,"늘리다, 늘이다",JLPT JLPT_2 JLPT_3,",acb]qNE)"
広める,ひろめる,넓히다,JLPT JLPT_2 JLPT_3,A(+H=R:mLS
品,ひん,기품,JLPT JLPT_2 JLPT_3,G((JK!Y$Y=
瓶,びん,병,JLPT JLPT_2 JLPT_3,s2SgOi7f``
便,びん,편,JLPT Genki_Ln.10 JLPT_3 JLPT_2 Genki,"hW&&,9z!hz"
ピン,ピン,핀,JLPT JLPT_2 JLPT_3,w[{)#&AAgf
不,ふ,"부-, 불-",JLPT JLPT_2 JLPT_3,DaVjdKEUb@
不,ぶ,"부-, 불-",JLPT JLPT_2 JLPT_3,xWoO+hKXb|
無,ぶ,무,JLPT JLPT_2 JLPT_3,"F0,T~)w`pd"
分,ぶ,푼,JLPT JLPT_2 JLPT_3,o4et&;Hn=[
不安,ふあん,불안,JLPT JLPT_2 JLPT_3,B.}P5XzBC<
風景,ふうけい,경관,JLPT JLPT_2 JLPT_3,K|bB_b5g2q
夫婦,ふうふ,부부,JLPT Genki_Ln.14 Intermediate_Japanese JLPT_3 JLPT_2 Intermediate_Japanese_Ln.14 Genki,vE=+[H1Y=?
笛,ふえ,"호각, 호루라기",JLPT JLPT_2 JLPT_3,j~98+xAGu/
不可,ふか,불가,JLPT JLPT_2 JLPT_3,c4*Ann{K[p
深まる,ふかまる,깊어지다,JLPT JLPT_2 JLPT_3,nFYj_QbHY$
武器,ぶき,무기,JLPT JLPT_2 JLPT_3,"k{:ASZ}`4,"
拭く,ふく,씻다,JLPT JLPT_2 JLPT_3,C+1a]]!)6B
服装,ふくそう,옷매,JLPT JLPT_2 JLPT_3,zfH3Izi6=g
含む,ふくむ,함유하다,JLPT JLPT_2 JLPT_3,qU@`!oQ_~}
含める,ふくめる,포함시키다,JLPT JLPT_2 JLPT_3,Lp<OS_$:v^
袋,ふくろ,"포, 자루",JLPT JLPT_2 JLPT_3,fF&Fkk&[N(
不幸,ふこう,불행,JLPT JLPT_2 JLPT_3,n27gAU4MS<
節,ふし,"곡, 선율",JLPT JLPT_2 JLPT_3,meTR#p8LaO
無事,ぶじ,무사,JLPT JLPT_2 JLPT_3,c|X1eKToE(
不思議,ふしぎ,불가사의,JLPT JLPT_2 JLPT_3,i2aoaA[Rbt
不自由,ふじゆう,부자유,JLPT JLPT_2 JLPT_3,OXxKs56cIo
夫人,ふじん,부인,JLPT JLPT_2 JLPT_3,"L,Jr>b/Q=,"
婦人,ふじん,여성,JLPT Intermediate_Japanese JLPT_3 JLPT_2 Intermediate_Japanese_Ln.13,MGNGYZeM?*
不正,ふせい,외도,JLPT JLPT_2 JLPT_3,J.&5HDb8II
防ぐ,ふせぐ,방어하다,JLPT JLPT_2 JLPT_3,O_+;lEJg#]
不足,ふそく,부족,JLPT JLPT_2 JLPT_3,Ip|9ih@[9P
舞台,ぶたい,무대,JLPT JLPT_2 JLPT_3,rkMf{ZSRD@
双子,ふたご,쌍둥이,JLPT JLPT_2 JLPT_3,Bb6Pii78=4
再び,ふたたび,다시금,JLPT Intermediate_Japanese JLPT_3 JLPT_2 Intermediate_Japanese_Ln.13,C$(!v<U~%+
普段,ふだん,"일상생활에서, 보통, 일반적으로",JLPT Intermediate_Japanese JLPT_3 JLPT_2 Intermediate_Japanese_Ln.15,scK7$1)*7n
縁,ふち,가장자리,JLPT JLPT_2 JLPT_3,Nc2^vNEcht
打つ,ぶつ,치다,JLPT JLPT_2 JLPT_3,rp}j9GjVWq
不通,ふつう,불통,JLPT JLPT_2 JLPT_3,qN|Fjh.;To
物価,ぶっか,물가,JLPT Genki_Ln.13 Intermediate_Japanese JLPT_3 JLPT_2 Intermediate_Japanese_Ln.6 Genki,ihU<14Ch9m
ぶつかる,ぶつかる,충돌하다,JLPT JLPT_2 JLPT_3,l|QjAIGc3_
ぶつける,ぶつける,~을 부딪히다; 던져 맞추다,JLPT JLPT_2 JLPT_3,F|EgJ%pFG_
物質,ぶっしつ,물질,JLPT JLPT_2 JLPT_3,Au^iDD.N(f
物理,ぶつり,물리,JLPT JLPT_2 JLPT_3,vOwM[uj*81
筆,ふで,붓,JLPT JLPT_2 JLPT_3,AAA2r[Yuck
ふと,ふと,"언뜻, 언뜻언뜻",JLPT JLPT_2 JLPT_3,ueC<>j12PB
部分,ぶぶん,부분,JLPT Intermediate_Japanese JLPT_3 JLPT_2 Intermediate_Japanese_Ln.12,"iSJ`*:5M,+"
不平,ふへい,불평,JLPT JLPT_2 JLPT_3,xl2t9%M;*h
不満,ふまん,불만,JLPT JLPT_2 JLPT_3,I5+Cu{SM(2
増やす,ふやす,증가시키다,JLPT Intermediate_Japanese JLPT_3 JLPT_2 Intermediate_Japanese_Ln.14,Ar(_{MW+^n
殖やす,ふやす,불리다,JLPT JLPT_2 JLPT_3,yaa{zbSv|8
プラス,プラス,플러스,JLPT JLPT_2 JLPT_3,IhKRA}1l&s
プラスチック,プラスチック,플라스틱,JLPT JLPT_2 JLPT_3,fkV!PD4#0R
プラン,プラン,계획,JLPT JLPT_2 JLPT_3,E)+h>:kQ+P
不利,ふり,불리,JLPT JLPT_2 JLPT_3,uWj1Y*sKn!
振る,ふる,흔들다,JLPT JLPT_2 JLPT_3,"re,?~GZ/4O"
震える,ふるえる,"떨다, 전율하다, 후들거리다",JLPT JLPT_2 JLPT_3,"E(?h_-A^M,"
ブレーキ,ブレーキ,브레이크,JLPT JLPT_2 JLPT_3,J$]6GJ*G:F
触れる,ふれる,저촉하다,JLPT JLPT_2 JLPT_3,GdRl?vrR-7
プロ,プロ,프로,JLPT JLPT_2 JLPT_3,r@c|.GwEZG
分,ぶん,-분,JLPT JLPT_2 JLPT_3,B<D}`v5/5#
文,ぶん,문장,JLPT JLPT_2 JLPT_3,rA-6gilLFb
雰囲気,ふんいき,분위기,JLPT Intermediate_Japanese JLPT_3 JLPT_2 Intermediate_Japanese_Ln.12,u~WAeLx^(1
分析,ぶんせき,분석,JLPT JLPT_2 JLPT_3,BW:70ufQAS
文明,ぶんめい,문명,JLPT JLPT_2 JLPT_3,sa[`h{Q=[9
分野,ぶんや,분야,JLPT JLPT_2 JLPT_3,H9@l-COvuo
塀,へい,담벼락,JLPT JLPT_2 JLPT_3,b`Q#tC3%LL
平均,へいきん,평균,JLPT Intermediate_Japanese JLPT_3 JLPT_2 Intermediate_Japanese_Ln.5,"Ipp8-,$Ihp"
平和,へいわ,평화,JLPT JLPT_2 JLPT_3,pDR:k1Uvab
別に,べつに,"달리, 따로",JLPT JLPT_2 JLPT_3,N>j!Oh:%5^
減らす,へらす,감하다,JLPT JLPT_2 JLPT_3,L|9vM+.g[_
減る,へる,줄다,JLPT JLPT_2 JLPT_3,M^Mg^hFF~i
ベルト,ベルト,벨트,JLPT JLPT_2 JLPT_3,GTcb.}|Giw
変化,へんか,변화,JLPT JLPT_2 JLPT_3,j9UWX/@2ih
ペンキ,ペンキ,페인트,JLPT JLPT_2 JLPT_3,DLO8LLG3|x
変更,へんこう,변경,JLPT JLPT_2 JLPT_3,bB&QqdWqmy
ベンチ,ベンチ,벤치,JLPT JLPT_2 JLPT_3,"l,WHbG]2JH"
弁当,べんとう,도시락,JLPT JLPT_2 JLPT_3,zNBqv(&}s^
方,ほう,쪽,JLPT JLPT_2 JLPT_3,gma?L!#ps{
法,ほう,법,JLPT JLPT_2 JLPT_3,okCQ@hxlIS
棒,ぼう,막대기,JLPT JLPT_2 JLPT_3,funENr~TQC
冒険,ぼうけん,모험,JLPT JLPT_2 JLPT_3,Fyl;77x&X*
方向,ほうこう,방향,JLPT JLPT_2 JLPT_3,QgNti^#[oD
報告,ほうこく,보고,JLPT JLPT_2 JLPT_3,y4Y?|#~uOX
宝石,ほうせき,보석,JLPT JLPT_2 JLPT_3,Dj6XgRBu}x
包装,ほうそう,겉포장,JLPT JLPT_2 JLPT_3,Otsl}ZzWXb
豊富,ほうふ,윤택,JLPT JLPT_2 JLPT_3,Cs6%u[Qn0$
方法,ほうほう,방법,JLPT Intermediate_Japanese JLPT_3 JLPT_2 Intermediate_Japanese_Ln.8,isN8<2KrA#
方々,ほうぼう,여기저기,JLPT JLPT_2 JLPT_3,wl^OUsh)0d
訪問,ほうもん,방문,JLPT JLPT_2 JLPT_3,hsC[X6BGUF
吠える,ほえる,"짖다, 우짖다",JLPT JLPT_2 JLPT_3,r$WR%olfa6
ボーイ,ボーイ,보이,JLPT Intermediate_Japanese JLPT_3 JLPT_2 Intermediate_Japanese_Ln.6,Im8]7VT7{#
ボート,ボート,보트,JLPT JLPT_2 JLPT_3,xMp/lL<RR-
ホーム,ホーム,홈,JLPT JLPT_2 JLPT_3,EyGV_xL&38
ボール,ボール,"공, 볼",JLPT JLPT_3 JLPT_2 Genki_Ln.22 Genki,CO}gO)BA1a
他,ほか,"딴것, 딴곳[데]; 그 밖, 이외, ...을 제하고",JLPT JLPT_2 JLPT_3,vw>|`^Bt^u
誇り,ほこり,"긍지, 자긍심",JLPT JLPT_2 JLPT_3,yj*)/<J;Jj
埃,ほこり,먼지,JLPT JLPT_2 JLPT_3,AO.~g!:dGf
保証,ほしょう,보증,JLPT JLPT_2 JLPT_3,oroU@#(;}/
保存,ほぞん,보존,JLPT JLPT_2 JLPT_3,hSWOh8}x1v
歩道,ほどう,보도,JLPT JLPT_2 JLPT_3,oWq+gh5t1f
仏,ほとけ,돌부처,JLPT JLPT_2 JLPT_3,r;K:#?B1W_
骨,ほね,뼈다귀,JLPT JLPT_2 JLPT_3,F)(n<tky^7
炎,ほのお,불꽃,JLPT JLPT_2 JLPT_3,td^&#ApIPe
頬,ほほ,뺨,JLPT JLPT_2 JLPT_3,MW?sJAMVg:
頬,ほお,뺨,JLPT JLPT_2 JLPT_3,eOL%=W-J#7
ほぼ,ほぼ,거의,JLPT JLPT_2 JLPT_3,d^=kc;gm+o
微笑む,ほほえむ,미소하다,JLPT JLPT_2 JLPT_3,wVB=qNZz4J
堀,ほり,"해자, 수로",JLPT JLPT_2 JLPT_3,FxbDaPc9#x
濠,ほり,"해자, 도랑",JLPT JLPT_2 JLPT_3,tU(_Pmvb9R
本当,ほんと,"사실, 진실, 정말임",JLPT JLPT_2 JLPT_3,b&f5kLt[Ac
本人,ほんにん,본인,JLPT JLPT_2 JLPT_3,I0[E+qY%jw
本物,ほんもの,진품,JLPT JLPT_2 JLPT_3,yGED#ay|.7
ぼんやり,ぼんやり,어슴푸레,JLPT JLPT_2 JLPT_3,Bu_{)ZzPr#
間,ま,집칸,JLPT JLPT_2 JLPT_3,_MKZD^wW5
まあ,まあ,"어머, 어머머",JLPT Intermediate_Japanese JLPT_3 JLPT_2 Intermediate_Japanese_Ln.13,gK]=+G-`a3
マーケット,マーケット,시장,JLPT JLPT_2 JLPT_3,"z,Yj6>]ZS]"
マイク,マイク,마이크,JLPT JLPT_2 JLPT_3,r0v`jqD@%T
迷子,まいご,미아,JLPT JLPT_2 JLPT_3,FT#CRKr^or
マイナス,マイナス,마이너스,JLPT JLPT_2 JLPT_3,d7Qaj7)8Wq
任せる,まかせる,넘기다,JLPT JLPT_2 JLPT_3,L[Sv^|TveX
巻く,まく,감다,JLPT JLPT_2 JLPT_3,bZ[[^glA1W
蒔く,まく,씨를 뿌리다,JLPT JLPT_2 JLPT_3,H=Zk$-##fv
撒く,まく,뿌리다,JLPT JLPT_2 JLPT_3,elIwgF9#tO
幕,まく,"휘장, 막",JLPT JLPT_2 JLPT_3,p/poyGf`R=
負け,まけ,패배,JLPT JLPT_2 JLPT_3,Gm;-Q!$V98
孫,まご,손주,JLPT JLPT_2 JLPT_3,IHHk^Ab_ve
まさか,まさか,"아무리, 웬걸",JLPT JLPT_2 JLPT_3,M*J/_!BP[F
まさに,まさに,가히,JLPT JLPT_2 JLPT_3,PW-SB}B+g9
混ざる,まざる,섞이다,JLPT JLPT_2 JLPT_3,r;?[!)ts`(
交ざる,まざる,섞이다,JLPT JLPT_2 JLPT_3,4K$w~U;He
混じる,まじる,섞이다,JLPT JLPT_2 JLPT_3,"d#EkI,dbkR"
交じる,まじる,섞이다,JLPT JLPT_2 JLPT_3,Ek]^@FM&X:
増す,ます,"늘다, 늘리다",JLPT JLPT_2 JLPT_3,igA/Wx5uJY
貧しい,まずしい,"빈곤하다, 빈약하다",JLPT JLPT_2 JLPT_3,yhxCEWNSqv
マスター,マスター,"마스터, 석사",JLPT JLPT_2 JLPT_3,wPc=w@;W9x
ますます,ますます,"날로, 더욱더욱",JLPT Intermediate_Japanese JLPT_3 JLPT_2 Intermediate_Japanese_Ln.9,tuWAGYc>]J
混ぜる,まぜる,섞다,JLPT JLPT_2 JLPT_3,J@;szQ>5H7
交ぜる,まぜる,섞다,JLPT JLPT_2 JLPT_3,PxviWu8b^f
街,まち,"거리, 길거리",JLPT JLPT_2 JLPT_3,HfD?AV.2#Q
間違い,まちがい,실수,JLPT Genki_Ln.19 JLPT_3 JLPT_2 Genki,BDS-:};NM$
松,まつ,소나무,JLPT JLPT_2 JLPT_3,q{u(t.GeD(
真っ赤,まっか,새빨갛다,JLPT JLPT_2 JLPT_3,NaIP;.$n/b
全く,まったく,"통, 말짱",JLPT JLPT_2 JLPT_3,N~j_lRE~H>
祭,まつり,제사,JLPT JLPT_2 JLPT_3,b~w=W0;TL7
まとまる,まとまる,통일되다,JLPT JLPT_2 JLPT_3,x(|HBhj.8
まとめる,まとめる,아우르다,JLPT JLPT_2 JLPT_3,iFaV|KCNxw
学ぶ,まなぶ,배우다,JLPT Intermediate_Japanese JLPT_3 JLPT_2 Intermediate_Japanese_Ln.8,E-![dvkug}
真似,まね,시늉,JLPT JLPT_2 JLPT_3,Ha/*s9C{]A
招く,まねく,초대하다,JLPT Intermediate_Japanese JLPT_3 JLPT_2 Intermediate_Japanese_Ln.13,rQ0-*9mHkN
まぶしい,まぶしい,눈부시다,JLPT JLPT_2 JLPT_3,JQkYs:8mnj
柵,さく,"울타리, 담장",JLPT_1 JLPT JLPT_3,y#vU&Fd{*`
裂ける,さける,"쪼개지다, 쪼개어지다",JLPT_1 JLPT JLPT_3,duhUDkU~WK
裁く,さばく,판가름하다,JLPT_1 JLPT JLPT_3,xRke1sza<m
酸化,さんか,산화,JLPT_1 JLPT JLPT_3,D1MP^#_z1B
死,し,죽음,JLPT_1 JLPT JLPT_3,t06OltNZyD
資格,しかく,자격,JLPT_1 JLPT JLPT_3,wi++wC}pSU
視覚,しかく,시각,JLPT_1 JLPT JLPT_3,E=/?Opn_[&
指揮,しき,지휘,JLPT_1 JLPT JLPT_3,I~OJZxTkqT
磁気,じき,자성,JLPT_1 JLPT JLPT_3,"c,aD*!!MOk"
磁器,じき,자기,JLPT_1 JLPT JLPT_3,Q82E>*!xNX
自己,じこ,"자체, 자체적",JLPT_1 JLPT JLPT_3,:az?1DOih
字体,じたい,"글꼴, 글자체",JLPT_1 JLPT JLPT_3,jz(I1Q*KVQ
辞退,じたい,사퇴,JLPT_1 JLPT JLPT_3,s^yuvY0jMN
視点,してん,시각,JLPT_1 JLPT JLPT_3,"fg,X`JJ|Co"
脂肪,しぼう,지방,JLPT_1 JLPT JLPT_3,z48jHbiC_$
志望,しぼう,"지망, 지원",JLPT_1 JLPT JLPT_3,r-E-GUEXsY
衆,しゅう,"무리, 대중",JLPT_1 JLPT JLPT_3,rXpmbk8=bE
住,じゅう,"거주, 주거",JLPT_1 JLPT JLPT_3,Gr~DDJR6l}
修飾,しゅうしょく,수식,JLPT_1 JLPT JLPT_3,O}Nr9R^}M5
私用,しよう,"사적인 용무, 개인 용도",JLPT_1 JLPT JLPT_3,BnE{ivc`n=
仕様,しよう,"방법, 수단; 사양",JLPT_1 JLPT JLPT_3,oE!*S&aFqD
情,じょう,"정, 감정",JLPT_1 JLPT JLPT_3,bl3-{=5!X[
生涯,しょうがい,생애,JLPT_1 JLPT JLPT_3,Pie[%Re:m6
上司,じょうし,"상관, 상사",JLPT Intermediate_Japanese JLPT_1 JLPT_3 Intermediate_Japanese_Ln.9,u|7SjLmC*W
正体,しょうたい,"본체, 실체",JLPT_1 JLPT JLPT_3,PK*KgnJaC
照明,しょうめい,조명,JLPT_1 JLPT JLPT_3,D&z&8>sgOU
女史,じょし,여사,JLPT_1 JLPT JLPT_3,"b7C,wG{C22"
助詞,じょし,조사,JLPT Intermediate_Japanese JLPT_1 JLPT_3 Intermediate_Japanese_Ln.13,"MG<?XdN0,Z"
ショック,ショック,쇼크,JLPT Intermediate_Japanese JLPT_1 JLPT_3 Intermediate_Japanese_Ln.4,Od5f@HtWc-
進行,しんこう,진행,JLPT_1 JLPT JLPT_3,i:ZPt9q4?b
新興,しんこう,신흥,JLPT_1 JLPT JLPT_3,e=XTe9$}W6
振興,しんこう,진흥,JLPT_1 JLPT JLPT_3,w.^ogJW1(4
申告,しんこく,신고,JLPT_1 JLPT JLPT_3,bpPy/Tdvi5
真理,しんり,진리,JLPT_1 JLPT JLPT_3,o~g13?^$If
水洗,すいせん,물세탁,JLPT_1 JLPT JLPT_3,uGMalIYW7L
ストレス,ストレス,스트레스,JLPT_1 JLPT JLPT_3,.v(A*gC%Q
擦る,する,문지르다,JLPT_1 JLPT JLPT_3,BR[lU_Z<4K
正規,せいき,정규,JLPT_1 JLPT JLPT_3,qB)0/c?(Sj
精巧,せいこう,정교한,JLPT_1 JLPT JLPT_3,O4>$NE8IPr
精算,せいさん,정산,JLPT_1 JLPT JLPT_3,ovctUT)$>z
成年,せいねん,성년,JLPT_1 JLPT JLPT_3,xePq0XBgP_
声明,せいめい,성명,JLPT_1 JLPT JLPT_3,B$[eh>:mkl
姓名,せいめい,성명,JLPT_1 JLPT JLPT_3,C]0w+PhetE
生理,せいり,생리,JLPT_1 JLPT JLPT_3,f73PQXWx7=
節,せつ,절,JLPT_1 JLPT JLPT_3,oxQV.29qE;
膳,ぜん,상,JLPT_1 JLPT JLPT_3,p1wC]g~$`W
禅,ぜん,선(불교),JLPT_1 JLPT JLPT_3,iyz0<Gw>w^
選挙,せんきょ,선거,JLPT JLPT_1 JLPT_3 Genki_Ln.23 Genki,"E:w+vZ=[*,"
先行,せんこう,선행,JLPT_1 JLPT JLPT_3,H}S`T5a4|Z
選考,せんこう,전형,JLPT_1 JLPT JLPT_3,f>TTKs[_O7
相,そう,어소의 하나,JLPT_1 JLPT JLPT_3,"uspMV-,ze1"
沿う,そう,"따라가다, 따르다",JLPT_1 JLPT JLPT_3,p/frNLfSx`
添う,そう,부응하다,JLPT_1 JLPT JLPT_3,hF`[B^>-hS
僧,そう,불승,JLPT_1 JLPT JLPT_3,yw]w|=zm=s
像,ぞう,상,JLPT_1 JLPT JLPT_3,nI=^X@DZIN
捜査,そうさ,수사,JLPT_1 JLPT JLPT_3,"uDX,}/x@{/"
操縦,そうじゅう,조종,JLPT_1 JLPT JLPT_3,M>/Rq`boN-
創造,そうぞう,창조,JLPT_1 JLPT JLPT_3,"dp,2/)bOJR"
隊,たい,"대, 부대",JLPT_1 JLPT JLPT_3,oOV`L+=72#
退学,たいがく,자퇴,JLPT_1 JLPT JLPT_3,A4yM&A#+4L
タイトル,タイトル,"타이틀, 제목",JLPT_1 JLPT JLPT_3,C>q:RF*.r8
ダウン,ダウン,오리털,JLPT_1 JLPT JLPT_3,P@qEmViSUu
高まる,たかまる,높아지다,JLPT Intermediate_Japanese JLPT_1 JLPT_3 Intermediate_Japanese_Ln.14,p=9SjD]i]q
断つ,たつ,끊다,JLPT_1 JLPT JLPT_3,P?^bp-(y]k
盾,たて,방패,JLPT_1 JLPT JLPT_3,ol51jAu^|h
例え,たとえ,예; 비록,JLPT_1 JLPT JLPT_3,vD1pJmAKj2
チャイム,チャイム,벨 소리,JLPT_1 JLPT JLPT_3,MQLqaV0IiT
挑戦,ちょうせん,도전,JLPT_1 JLPT JLPT_3,Fo2(&vWuR<
治療,ちりょう,치료,JLPT_1 JLPT JLPT_3,yw{9Y;C!G/
対,つい,짝,JLPT_1 JLPT JLPT_3,C;9I#$4SFJ
接ぐ,つぐ,잇다,JLPT_1 JLPT JLPT_3,iNY(7WR;G%
継ぐ,つぐ,"잇다, 계승하다",JLPT_1 JLPT JLPT_3,L=(nKj-342
摘む,つむ,따다,JLPT_1 JLPT JLPT_3,F?B0wE`T~h
露,つゆ,이슬,JLPT_1 JLPT JLPT_3,nf%]9K}w$o
強まる,つよまる,거세지다,JLPT_1 JLPT JLPT_3,"c,02yf|3E;"
強める,つよめる,"강화하다, 강조하다",JLPT_1 JLPT JLPT_3,r51ril#).:
データ,データ,데이터,JLPT_1 JLPT JLPT_3,mIV8F#]3m7
デザイン,デザイン,디자인,JLPT_1 JLPT JLPT_3,L|t?~XL)K}
デザート,デザート,디저트,JLPT_1 JLPT JLPT_3,bL1L]V?.Fr
転校,てんこう,전학,JLPT_1 JLPT JLPT_3,OJyP}KWKG|
伝言,でんごん,메시지,JLPT_1 JLPT JLPT_3,GvqvJ@T>v!
と,と,"~와·과, 그리고",JLPT_1 JLPT JLPT_3,M:Axq>|(Kg
問う,とう,따지다,JLPT_1 JLPT JLPT_3,liQ|$R<T6G
棟,とう,(지붕의) 용마루,JLPT_1 JLPT JLPT_3,DbAa])9/F(
倒産,とうさん,도산,JLPT_1 JLPT JLPT_3,z@^@3D{^xO
同士,どうし,-끼리,JLPT Intermediate_Japanese JLPT_1 JLPT_3 Intermediate_Japanese_Ln.9,LZ;*se^02u
同志,どうし,동지,JLPT_1 JLPT JLPT_3,hK!%#l^Nm>
当然,とうぜん,당연,JLPT Intermediate_Japanese JLPT_1 JLPT_3 Intermediate_Japanese_Ln.15,cz-NMt}<Am
動揺,どうよう,동요,JLPT_1 JLPT JLPT_3,A!=y9>sh0L
説く,とく,설명하다,JLPT_1 JLPT JLPT_3,oUk1CBesl;
綴じる,とじる,철하다,JLPT_1 JLPT JLPT_3,]ZHD4IQ@J
供,とも,윗사람을 따라가는 사람,JLPT_1 JLPT JLPT_3,sml:7Y1}f0
並,なみ,"중간 (예: 음식 제공량, 품질, 가격 등), 보통의",JLPT Intermediate_Japanese JLPT_1 JLPT_3 Intermediate_Japanese_Ln.6,w_{us|Bt(V
慣らす,ならす,길들이다,JLPT_1 JLPT JLPT_3,KYq0Q{!HJ_
馴らす,ならす,적응시키다,JLPT_1 JLPT JLPT_3,OBi-;rN&v.
難,なん,-난,JLPT_1 JLPT JLPT_3,HB%n)kg>!j
音,ね,소리,JLPT_1 JLPT JLPT_3,m2~M4cm)mU
年鑑,ねんかん,연감,JLPT_1 JLPT JLPT_3,i1+!b-Tw6h
脳,のう,"골, 뇌",JLPT_1 JLPT JLPT_3,GA>&i45J`=
臨む,のぞむ,"면하다, 임하다",JLPT_1 JLPT JLPT_3,KS-n)JUr1X
肺,はい,폐,JLPT_1 JLPT JLPT_3,NQ;dD{HA.l
～敗,はい,패,JLPT_1 JLPT JLPT_3,Jfw=ThK<1_
映える,はえる,빛나다,JLPT_1 JLPT JLPT_3,c_<of-R32q
諮る,はかる,"자문하다, 상의하다",JLPT_1 JLPT JLPT_3,zH?Q%7Y|:s
図る,はかる,꾀하다,JLPT_1 JLPT JLPT_3,oSV1hDA!z4
生やす,はやす,기르다,JLPT_1 JLPT JLPT_3,yqCGb?6_?M
班,はん,"패, 반",JLPT_1 JLPT JLPT_3,oiqC3{QOR3
判,はん,도장,JLPT_1 JLPT JLPT_3,"FxD*L0,Q6x"
版,はん,판,JLPT_1 JLPT JLPT_3,wusB`V9s1U
碑,ひ,비,JLPT_1 JLPT JLPT_3,Kaa{nE*EBz
非行,ひこう,비행,JLPT_1 JLPT JLPT_3,E<wpvtAJG)
票,ひょう,표,JLPT_1 JLPT JLPT_3,"i*<L4C^,UW"
広まる,ひろまる,퍼지다,JLPT_1 JLPT JLPT_3,c8ONuWuz#:
深める,ふかめる,다지다,JLPT_1 JLPT JLPT_3,c0BKoo3/`
福,ふく,복,JLPT_1 JLPT JLPT_3,m_8f-@p-oN
振り,ふり,"모양, 태도; 척함",JLPT_1 JLPT JLPT_3,Cb|X]Z#30A
経る,へる,지나다,JLPT_1 JLPT JLPT_3,"xYI,72?]/M"
保護,ほご,보호,JLPT_1 JLPT JLPT_3,P&2:@t7Bp.
保障,ほしょう,보장,JLPT_1 JLPT JLPT_3,ge$.nEK~0J
補償,ほしょう,보상,JLPT_1 JLPT JLPT_3,n@O).>E`E!
ほっと,ほっと,한숨 놓는 모양,JLPT_1 JLPT JLPT_3,IA36R!IvOE
前もって,まえもって,"미리, 미리미리",JLPT_1 JLPT JLPT_3,wlgn+RR?9d
膜,まく,막,JLPT_1 JLPT JLPT_3,eczkIybUVQ
マスコミ,マスコミ,매스컴,JLPT_1 JLPT JLPT_3,c~yMgKSxj{
股,また,"가랑이, 샅",JLPT_1 JLPT JLPT_3,M~8AlqEF!|
末,まつ,"어간의 하나; 어떤 기간의 끝, 말",JLPT_1 JLPT JLPT_3,c](L`Ctg(*
マッサージ,マッサージ,마사지,JLPT_1 JLPT JLPT_3,CIT-/$8F-&
見掛ける,みかける,(지나가다가) 발견하다,JLPT_1 JLPT JLPT_3,x5#*oa=f1j
捲る,めくる,넘기다,JLPT_1 JLPT JLPT_3,iY1_V_W5ZM
メッセージ,メッセージ,메시지,JLPT_1 JLPT JLPT_3,DIKKB*kyMZ
野党,やとう,야당,JLPT_1 JLPT JLPT_3,L$j=XCFoNq
優,ゆう,우,JLPT_1 JLPT JLPT_3,J%>HVQ7M=`
有機,ゆうき,유기,JLPT_1 JLPT JLPT_3,m7Y{=QxsB-
世,よ,세상,JLPT_1 JLPT JLPT_3,E|]o*tNk82
良い,よい,"예쁘다, 이쁘다",JLPT_1 JLPT JLPT_3,zu]*YPRXMm
予想,よそう,"기대, 예상, 기대치",JLPT_1 JLPT JLPT_3,E0D`K(E!7;
弱まる,よわまる,"약해지다, 수척해지다, 낙담하다",JLPT_1 JLPT JLPT_3,tRU<avrq6-
弱める,よわめる,줄이다,JLPT_1 JLPT JLPT_3,n@|3sdAzme
ラベル,ラベル,라벨,JLPT_1 JLPT JLPT_3,Ni5Si{<X/E
ルール,ルール,규칙,JLPT_1 JLPT JLPT_3,J<OIlv-=I*
枠,わく,"테, 테두리",JLPT_1 JLPT JLPT_3,l.gbfy2Op+
表示,ひょうじ,표시,JLPT_3,l:pB4J:<:X
踏む,ふむ,밟다,JLPT JLPT_N4,MD)?c2/f%j
～区,～く,구,JLPT JLPT_N4,jyNlO!<_rh
すっと,すっと,"쓱, 죽",JLPT JLPT_N4,k|7>>bJ_;p
盗む,ぬすむ,훔치다,Genki Genki_Ln.21 JLPT JLPT_N4,yRRr.o{S!G
大抵,たいてい,대저,Genki Genki_Ln.3 JLPT JLPT_N4,F4RWhn9KV7
とうとう,とうとう,드디어,JLPT JLPT_N4,b~a!BAlss]
ガソリン,ガソリン,휘발유,Genki Genki_Ln.21 JLPT JLPT_N4,DtjnF2f-}S
鳴る,なる,울리다,Intermediate_Japanese_Ln.2 JLPT JLPT_N4,N2XM.u#*9T
しっかり,しっかり,"꿋꿋이, 든든히",JLPT JLPT_N4,s1@<ogH]|l
生きる,いきる,살다,JLPT JLPT_N4,PsYPR<^eS}
苦い,にがい,쓰다,JLPT JLPT_N4,s7onh_qmu>
沸く,わく,끓다,JLPT JLPT_N4,PG:x_[8:n{
意見,いけん,생각,JLPT JLPT_N4,rm|oi`$1Dg
やはり; やっぱり,やはり; やっぱり,"역시, 예상대로",JLPT JLPT_N4,uKv@@b~bnv
漫画,まんが,만화책,Genki Genki_Ln.14 JLPT JLPT_N4,l|R^YmR+|c
ステレオ,ステレオ,스테레오,JLPT JLPT_N4,j)<hxBenH^
医学,いがく,의학,JLPT JLPT_N4,j>$AcgpmMe
テキスト,テキスト,텍스트,JLPT JLPT_N4,tNueVeWq/i
～月,～つき,달,JLPT JLPT_N4,fmd>SOFFek
折る,おる,꺾다,JLPT JLPT_N4,yVVu7>5}8_
～会,～かい,모임,JLPT JLPT_N4,q`5&BgJq(Y
うかがう,うかがう,"(겸양어) 여쭙다, 방문하다, 듣다; 엿보다, 살피다, (기회를) 노리다",JLPT JLPT_N4,i(<6VU5W9O
聞こえる,きこえる,들리다,JLPT JLPT_N4,quf~I<>p>
僕,ぼく,나,Genki Genki_Ln.5 JLPT JLPT_N4,sZrMWgN[D[
必ず,かならず,필시,Intermediate_Japanese_Ln.8 JLPT JLPT_N4,t=>{J>bIy^
壊す,こわす,무너트리다,JLPT JLPT_N4,d^9}5OH`;*
怒る,おこる,화내다,Genki Genki_Ln.19 JLPT JLPT_N4,Ib^RmCfT#f
床屋,とこや,이발사,Genki Genki_Ln.10 Intermediate_Japanese_Ln.6 JLPT JLPT_N4,t^jDr`iefA
オートバイ,オートバイ,오토바이,JLPT JLPT_N4,Pt[L]fX^FJ
運動,うんどうする,"생체 운동; 운동, 움직임",JLPT JLPT_N4,#NAME?
止む,やむ,멎다,JLPT JLPT_N4,i[hf?*~a)V
もし,もし,만약,JLPT JLPT_N4,oLI2n{GVOs
表,おもて,겉,JLPT JLPT_N4,qP[jTS0$-o
大学生,だいがくせい,대학생,Genki Genki_Ln.1 Genki_Ln.8 JLPT JLPT_N4,cCEA>;7p%n
運転手,うんてんしゅ,운전사,Intermediate_Japanese_Ln.6 JLPT JLPT_N4,c=1Zd>L>/{
予習,よしゅう,예습,Genki Genki_Ln.22 Intermediate_Japanese_Ln.5 JLPT JLPT_N4,A$348:bL<R
心配,しんぱいする,걱정,JLPT JLPT_N4,reB^;ntMm;
別,べつ,-별,JLPT JLPT_N4,pvVM*k}K*D
非常に,ひじょうに,무척,Intermediate_Japanese_Ln.2 JLPT JLPT_N4,Ih.~ep.W8C
お宅,おたく,댁,Genki Genki_Ln.13 Intermediate_Japanese_Ln.7 JLPT JLPT_N4,"G:h,g@5k[b"
柔らかい,やわらかい,"말랑말랑하다, 말랑하다",JLPT JLPT_N4,Mb;<89jf/c
拾う,ひろう,집다,Genki Genki_Ln.22 JLPT JLPT_N4,A7mxJIkuGg
～ございます,～ございます,"~입니다, ~있습니다(공손한 표현)",JLPT JLPT_N4,kMO?quX[B$
気,き,"풀, 기",JLPT JLPT_N4,N`FU2bb#2c
比べる,くらべる,비교하다,JLPT JLPT_N4,OXHWkwV:?8
ほとんど,ほとんど,거의,Intermediate_Japanese_Ln.7 JLPT JLPT_N4,nQ>_aG@b-U
つもり,つもり,"양, 요량",JLPT JLPT_N4,fOH84**JB]
郊外,こうがい,교외,JLPT JLPT_N4,m[#TphS~Yp
だめ,だめ,"안 됨, 소용없음",JLPT JLPT_N4,F`}=@;2gGr
売り場,うりば,판매소,JLPT JLPT_N4,g8Zs2)0MYs
正月,しょうがつ,정초,JLPT JLPT_N4,z?cV&4IRT$
規則,きそく,법칙,JLPT JLPT_N4,"fX,<9qoCbI"
うん,うん,응,Genki Genki_Ln.8 JLPT JLPT_N4,AU=4aGU<;g
発音,はつおん,발음,JLPT JLPT_N4,ij2OK3T1KH
焼く,やく,굽다,Genki Genki_Ln.21 JLPT JLPT_N4,ze5y7QDk;*
屋上,おくじょう,옥상,JLPT JLPT_N4,dNyWHH2le2
失礼,しつれい,실례,JLPT JLPT_N4,i}rJ2aUEQY
ごみ,ごみ,쓰레기,Genki Genki_Ln.16 JLPT JLPT_N4,l0zGWz;u*B
アフリカ,アフリカ,아프리카,JLPT JLPT_N4,s(eSC66i0(
点,てん,점,Intermediate_Japanese_Ln.5 JLPT JLPT_N4,xl]z9.M3ii
一生懸命,いっしょうけんめい,목숨을 걸고 일함. 열심임,Intermediate_Japanese_Ln.5 JLPT JLPT_N4,x}#WG:x<B%
今度,こんど,"다음, 다음번",Genki Genki_Ln.9 JLPT JLPT_N4,"c3M,%sgpuH"
機会,きかい,기회,JLPT JLPT_N4,QN(r}6a#1P
建てる,たてる,올리다,JLPT JLPT_N4,p>?r}3Zl{s
複雑,ふくざつ,착잡,JLPT JLPT_N4,CH}=lqHM1.
彼,かれ,그이,Genki Genki_Ln.12 Intermediate_Japanese_Ln.8 JLPT JLPT_N4,t}ZPEKulM{
いらっしゃる,いらっしゃる,계시다,Genki Genki_Ln.19 JLPT JLPT_N4,q4xt(yor`^
布団,ふとん,이불,JLPT JLPT_N4,o9cl6;pq_D
大事,だいじ,"큰일, 거사",JLPT JLPT_N4,K-;(kx?ed|
贈り物,おくりもの,선물,Intermediate_Japanese_Ln.9 JLPT JLPT_N4,ea]7XukKd^
泥棒,どろぼう,도둑,Genki Genki_Ln.21 JLPT JLPT_N4,q/[sonb>SP
～製,～せい,-제,JLPT JLPT_N4,I|]_Gf;YLD
注意,ちゅうい,주의,JLPT JLPT_N4,tSqn:MggQx
台風,たいふう,태풍,Genki Genki_Ln.16 JLPT JLPT_N4,uFiu<};|%T
日,ひ,"해, 날",Genki Genki_Ln.16 JLPT JLPT_N4,Ap$ELNr5>B
～軒,～けん,집,JLPT JLPT_N4,"KbFf,NH{5y"
そう,そう,그래,JLPT JLPT_N4,wr0#d-auwR
通る,とおる,통하다,JLPT JLPT_N4,z?tZP}u#Ea
過ぎる,すぎる,넘어가다,JLPT JLPT_N4,O_}jg<!z1-
レポート; リポート,レポート; リポート,보고서,JLPT JLPT_N4,xai}>:G-4a
葉,は,잎,JLPT JLPT_N4,xQbxW<V1k4
必要,ひつよう,필요,JLPT JLPT_N4,ty_M]/QA_N
課長,かちょう,과장,Intermediate_Japanese_Ln.7 JLPT JLPT_N4,Q;5M-:Rtr;
地震,じしん,지진,Genki Genki_Ln.15 JLPT JLPT_N4,DGTtnnC4Nd
すると,すると,"그러자, 그러면, 그렇다면",JLPT JLPT_N4,Fz>2(<Q3D%
止める,やめる,"걷다, 걷어치우다",JLPT JLPT_N4,w08D;C[*x`
ガラス,ガラス,"유리, 창유리",JLPT JLPT_N4,Wl!XdU*F<
～学部,～がくぶ,대학,JLPT JLPT_N4,qq2at6CGnZ
厳しい,きびしい,엄격하다,Genki Genki_Ln.13 Intermediate_Japanese_Ln.5 JLPT JLPT_N4,pjG^I!L.;w
エスカレーター,エスカレーター,에스컬레이터,JLPT JLPT_N4,y6e9BNnN(6
人口,じんこう,인구,Intermediate_Japanese_Ln.4 JLPT JLPT_N4,h:04.`><%U
月,つき,달,Genki Genki_Ln.20 JLPT JLPT_N4,g.!8Tz-L0l
絹,きぬ,"견, 명주",JLPT JLPT_N4,tNV0})jEsh
ちっとも,ちっとも,전혀(부정과 함께),JLPT JLPT_N4,p(lsw|$R1V
深い,ふかい,"깊다, 깊숙하다",JLPT JLPT_N4,N%G$/Va72i
壊れる,こわれる,부서지다,JLPT JLPT_N4,PH#eB=.[|i
揺れる,ゆれる,흔들거리다,JLPT JLPT_N4,CJT@S-rGcq
落る,おちる,"없어지다; 떨어지다, 낙하하다; 떨어지다, 저하되다",JLPT JLPT_N4,QEWE{hX5.8
できるだけ,できるだけ,될 수 있는 대로,JLPT JLPT_N4,z|27hHgqS.
悲しい,かなしい,"비감스럽다, 슬프다",Genki Genki_Ln.13 JLPT JLPT_N4,P[6ROxur[z
中学校,ちゅうがっこう,중학교,JLPT JLPT_N4,o@F6a}&sDT
ガス,ガス,가스,JLPT JLPT_N4,J0vS6#XFQP
祈る,いのる,기도하다,JLPT JLPT_N4,gOVf)x5I|I
盛ん,さかん,한창,JLPT JLPT_N4,iN0&Vv}z1G
アルバイト,アルバイト,알바,Genki Genki_Ln.4 JLPT JLPT_N4,uhbB_H_zmK
起こす,おこす,깨우다,Genki Genki_Ln.16 JLPT JLPT_N4,e)?&!q93%0
致す,いたす,-드리다,Genki Genki_Ln.20 JLPT JLPT_N4,s{uMBFr}QR
噛む,かむ,"물다, 씹다",JLPT JLPT_N4,E0N_YXN>-x
赤ちゃん,あかちゃん,아기,Genki Genki_Ln.21 JLPT JLPT_N4,s09]7w9[]D
浅い,あさい,옅다,JLPT JLPT_N4,Bq97rav-&k
嘘,うそ,공갈,JLPT JLPT_N4,dDVZZUX$0%
小説,しょうせつ,소설,Genki Genki_Ln.20 JLPT JLPT_N4,k;Wm8^zP:1
親,おや,부모,Genki Genki_Ln.16 Intermediate_Japanese_Ln.6 JLPT JLPT_N4,EM~YxWr$Fw
それに,それに,그것도,Intermediate_Japanese_Ln.2 JLPT JLPT_N4,q*Vh;RO@9L
西洋,せいよう,"서구, 서양",JLPT JLPT_N4,CYHizo6/]:
思う,おもう,"생각하다, 느끼다",Genki Genki_Ln.8 JLPT JLPT_N4,bu>M]5SnGX
パート (タイム),パート (タイム),"파트타임, 시간제 근무",JLPT JLPT_N4,v_m4?zP2.9
時代,じだい,시대,JLPT JLPT_N4,L?Q&>175XG
申し上げる,もうしあげる,말씀드리다,JLPT JLPT_N4,GF+@f2CV$T
～式,～しき,식,JLPT JLPT_N4,"r&5Ybsff,l"
出席,しゅっせきする,출석,JLPT JLPT_N4,veUCYD:#[?
～家,～か,-가,JLPT JLPT_N4,jmL@^X(3xD
迎える,むかえる,맞다,JLPT JLPT_N4,c)r?fC@d`X
触る,さわる,만지다,JLPT JLPT_N4,EE}]!?vk-o
建て,～だて,"~층짜리, 별채",JLPT JLPT_N4,O;BgWj4xcP
社長,しゃちょう,사장님,Genki Genki_Ln.11 JLPT JLPT_N4,esu`;_q%~}
動物園,どうぶつえん,동물원,JLPT JLPT_N4,LA>0An]TpD
捕まえる,つかまえる,"잡다, 포착하다",JLPT JLPT_N4,"dxA,$K8Jjo"
季節,きせつ,계절,Genki Genki_Ln.10 Intermediate_Japanese_Ln.9 JLPT JLPT_N4,"H-HO2,.Mf&"
寄る,よる,들르다,Genki Genki_Ln.19 Intermediate_Japanese_Ln.3 JLPT JLPT_N4,wowQrA=!@I
決まる,きまる,잡히다,Intermediate_Japanese_Ln.2 JLPT JLPT_N4,ftU/w6Rm9)
開く,ひらく,열다,JLPT JLPT_N4,EqW3}ML(%4
逃げる,にげる,달아나다,JLPT JLPT_N4,olt^H[(k%k
だから,だから,그러므로,Genki Genki_Ln.4 JLPT JLPT_N4,"l,%/>C{Y}S"
残念,ざんねん,유감,Intermediate_Japanese_Ln.7 JLPT JLPT_N4,u8P;}KnN>M
畳,たたみ,다다미,JLPT JLPT_N4,K6&+!%&]%g
丁寧,ていねい,공손하다,JLPT JLPT_N4,y#[3yo1.4|
地理,ちり,지리,JLPT JLPT_N4,L>P&NZL8Ln
さっき,さっき,아까,Genki Genki_Ln.4 JLPT JLPT_N4,K6.[:IAM|.
怖い,こわい,무섭다,Genki Genki_Ln.5 JLPT JLPT_N4,oO+f.U&hT(
包む,つつむ,휩싸다,Genki Genki_Ln.21 JLPT JLPT_N4,j.kjH)CP:g
なるべく,なるべく,"가급적, 되는대로",Intermediate_Japanese_Ln.3 JLPT JLPT_N4,N|K[$y_r^[
無理,むり,무리한,JLPT JLPT_N4,i]oOmAHlg9
サンドイッチ,サンドイッチ,샌드위치,JLPT JLPT_N4,"Lah$0,$FHs"
会議室,かいぎしつ,회의실,JLPT JLPT_N4,oxHUFdCY;/
品物,しなもの,물건,JLPT JLPT_N4,kiGyZq*rIU
人形,にんぎょう,인형,JLPT JLPT_N4,vPlJ&v75[Q
利用,りよう,이용,JLPT JLPT_N4,Rh@8N~e0eQ
飾る,かざる,꾸미다,JLPT JLPT_N4,"OaqvYHn98,"
止める,とめる,그치다,JLPT JLPT_N4,uL2<QDM;W:
恥ずかしい,はずかしい,"창피스럽다, 창피하다",Genki Genki_Ln.18 JLPT JLPT_N4,e$Mth*I+Cg
いくら～ても,いくら～ても,아무리 ~해도,JLPT JLPT_N4,I]og(vfh}t
用事,ようじ,"볼일, 용건",Genki Genki_Ln.12 JLPT JLPT_N4,p$RznpfpCY
ビル,ビル,빌딩,JLPT JLPT_N4,H[!Yph0[mz
けんかする,けんかする,싸우다,JLPT JLPT_N4,Oc14`ELpiF
頑張る,がんばる,뛰다,Genki Genki_Ln.13 JLPT JLPT_N4,Mz@9d9PizL
投げる,なげる,던지다,Intermediate_Japanese_Ln.7 JLPT JLPT_N4,"A%8%S+mN,O"
故障,こしょうする,고장,JLPT JLPT_N4,mP~NCidGL7
力,ちから,힘,JLPT JLPT_N4,t<Fy!4ZXqc
受ける,うける,받다,JLPT JLPT_N4,d#N;{6r~iD
気分,きぶん,"마음, 맘",JLPT JLPT_N4,GJl$1:;vCi
間違える,まちがえる,실수하다,Genki Genki_Ln.21 JLPT JLPT_N4,Q5b~VM7IRc
そんな,そんな,그만,JLPT JLPT_N4,ei/O3MuiLE
星,ほし,별,JLPT JLPT_N4,h=LT];WutA
場合,ばあい,때,JLPT JLPT_N4,qV-2<HJ$$5
やっと,やっと,그제야,JLPT JLPT_N4,Qf-Nk|9F8D
足りる,たりる,충분하다,Genki Genki_Ln.17 Intermediate_Japanese_Ln.4 JLPT JLPT_N4,tSHDO2cb1M
行う,おこなう,행하다,Intermediate_Japanese_Ln.3 JLPT JLPT_N4,kSwpIk>RTo
ぶどう,ぶどう,포도,JLPT JLPT_N4,qtf+q-Z+n]
無くなる,なくなる,죽다,JLPT JLPT_N4,QEFsGzu!|/
準備,じゅんびする,준비하다,JLPT JLPT_N4,h&P$N~U6-[
世界,せかい,세계,Genki Genki_Ln.10 JLPT JLPT_N4,e<Tae_jQo4
住所,じゅうしょ,주소,JLPT JLPT_N4,fPoS$h^c(u
再来月,さらいげつ,다다음 달,JLPT JLPT_N4,Zux^JW=t?
林,はやし,수풀,JLPT JLPT_N4,@LWUXw-^>
倍,ばい,"갑절, 곱",JLPT JLPT_N4,k.0mCWDs+|
痩せる,やせる,빠지다,Genki Genki_Ln.7 JLPT JLPT_N4,A[Q-]LV0S:
線,せん,"금, 라인",JLPT JLPT_N4,dK0yR1DBK`
戦争,せんそう,전쟁,JLPT JLPT_N4,l@;Cq/&#91
決める,きめる,정하다,Genki Genki_Ln.10 Intermediate_Japanese_Ln.9 JLPT JLPT_N4,p(qb/m`R:b
調べる,しらべる,찾아보다,JLPT JLPT_N4,Ov6y=mBwgM
寝坊,ねぼう,늦잠,JLPT JLPT_N4,B(>pXN{@@q
パパ,パパ,아빠,JLPT JLPT_N4,v.-(XP=XJY
光る,ひかる,빛나다,JLPT JLPT_N4,xp|/7BLK40
夫,おっと,남편,JLPT JLPT_N4,zDF$wWIUs8
雲,くも,구름,JLPT JLPT_N4,"C3Z1{X<H,4"
坂,さか,"고개, 비탈",JLPT JLPT_N4,fMGrCf7XcB
～(て) しまう,～(て) しまう,"~해 버리다, ~하고 말다",JLPT JLPT_N4,us+Z5ns><g
飛行場,ひこうじょう,비행장,JLPT JLPT_N4,A2O=3b{hXI
柔道,じゅうどう,유도,JLPT JLPT_N4,d[2qz9jnc7
決して,けっして,결코,JLPT JLPT_N4,Kd9N)Izj!4
事務所,じむしょ,사무소,JLPT JLPT_N4,wxgf%k:fc2
連絡,れんらく,연락,JLPT JLPT_N4,"v[($g<|S,F"
小学校,しょうがっこう,국민학교,Genki Genki_Ln.23 JLPT JLPT_N4,f^*MMB(l>o
客,きゃく,손님,Intermediate_Japanese_Ln.2 JLPT JLPT_N4,xF)V^}awc{
昔,むかし,옛날,Genki Genki_Ln.21 JLPT JLPT_N4,hUjfJU~9){
美しい,うつくしい,아름답다,JLPT JLPT_N4,OB^[>@2T05
捨てる,すてる,버리다,Genki Genki_Ln.15 JLPT JLPT_N4,G;1IJzl`jC
なさる,なさる,하시다,Genki Genki_Ln.19 JLPT JLPT_N4,zj*av$=2pO
事,こと,일,Genki Genki_Ln.21 JLPT JLPT_N4,ca&G<Ve~Nx
どんどん,どんどん,"확확, 쭉쭉",JLPT JLPT_N4,q0h/etzyxE
試合,しあい,시합,Genki Genki_Ln.12 Intermediate_Japanese_Ln.7 JLPT JLPT_N4,Hv/PI<4cqa
適当,てきとう,적당; 적당한,JLPT JLPT_N4,HX3el]3jvP
素晴らしい,すばらしい,훌륭하다,Intermediate_Japanese_Ln.4 JLPT JLPT_N4,Mq|7Xt}rKi
美術館,びじゅつかん,미술관,Genki Genki_Ln.11 JLPT JLPT_N4,Lovq=LkX$G
文法,ぶんぽう,문법,Genki Genki_Ln.13 JLPT JLPT_N4,"h2m8,%coR8"
終わり,おわり,끝,JLPT JLPT_N4,j1fvX?gG0M
壁,かべ,벽,JLPT JLPT_N4,um!T&Q*O[?
一度,いちど,한번,JLPT JLPT_N4,z3&2cN)6^e
お礼,おれい,선물,Genki Genki_Ln.19 Intermediate_Japanese_Ln.9 JLPT JLPT_N4,IzFCHK5nu1
親切,しんせつ,친절,JLPT JLPT_N4,lZWRz?K3ET
知らせる,しらせる,기별하다,JLPT JLPT_N4,mORr*vy|g/
歯医者,はいしゃ,치과의사,JLPT JLPT_N4,"<G@n,w<8p"
熱心,ねっしん,열심; 열심인,JLPT JLPT_N4,bLrU`I|/*{
始める,はじめる,시작하다,Genki Genki_Ln.8 JLPT JLPT_N4,"g,>$G?*/Q&"
もらう,もらう,타다,JLPT JLPT_N4,MhXS3i[O39
泣く,なく,울다,Genki Genki_Ln.13 JLPT JLPT_N4,wS:0`lVju$
治る,なおる,"가라앉다, 갈앉다",JLPT JLPT_N4,J-V8gKft=&
熱,ねつ,"신열, 열",Intermediate_Japanese_Ln.3 JLPT JLPT_N4,D9dKTYQi:O
お祭り,おまつり,축제,JLPT JLPT_N4,n=i-:`LzjX
水道,すいどう,수도,JLPT JLPT_N4,FV`Tc-%-nK
匂い,におい,냄새,JLPT JLPT_N4,P&q^w6d0fO
ベル,ベル,"방울, 벨",JLPT JLPT_N4,D!1f]e)iSX
赤ん坊,あかんぼう,아기,JLPT JLPT_N4,I>S)eTr_]B
おかしい,おかしい,이상하다,Intermediate_Japanese_Ln.2 JLPT JLPT_N4,O9;m#]XEB2
事故,じこ,사고,JLPT JLPT_N4,K(yw!r=B:1
変,へん,이상한,JLPT JLPT_N4,e/SMd06F!x
辞典,じてん,사전,JLPT JLPT_N4,brNC9/_sI`
残る,のこる,남다,JLPT JLPT_N4,INR^BBo=#J
立てる,たてる,세우다,JLPT JLPT_N4,O9fk.~k_.E
くれる,くれる,달다,JLPT JLPT_N4,hSC5|:)aVz
～員,～いん,-원,JLPT JLPT_N4,QHO%z16SSs
原因,げんいん,원인,JLPT JLPT_N4,y8<@Y+?o6j
驚く,おどろく,놀라다,Intermediate_Japanese_Ln.8 JLPT JLPT_N4,qBeaklesW+
いただく,頂く,"(머리에) 이다, 얹다; (겸양어) 먹다, 받다",Genki Genki_Ln.20 JLPT JLPT_N4,J*KGnzk|Z2
祖母,そぼ,조모,JLPT JLPT_N4,x!LCLRW]y2
場所,ばしょ,처소,Genki Genki_Ln.23 Intermediate_Japanese_Ln.5 JLPT JLPT_N4,qw3.O}/lOC
答,こたえ,"대답, 응답",JLPT JLPT_N4,xmTYLgV-T_
もちろん,もちろん,그럼,Genki Genki_Ln.7 Intermediate_Japanese_Ln.5 JLPT JLPT_N4,"m8,NutV2dG"
漬ける,つける,"담그다, 절이다",JLPT JLPT_N4,h!i?H{d*F@
受付,うけつけ,접수,Genki Genki_Ln.22 Intermediate_Japanese_Ln.8 JLPT JLPT_N4,"uraaf1,;7Q"
内,うち,안,JLPT JLPT_N4,G1H0$T!7Vl
スクリーン,スクリーン,스크린,JLPT JLPT_N4,"L/njBN,iH6"
増える,ふえる,"퍼지다, 늘다",JLPT JLPT_N4,QW.w#0qn}8
または,または,또는,JLPT JLPT_N4,J-^^Uw<Tl~
けがする,けがする,다치다,JLPT JLPT_N4,NP:|wpXW(M
以下,いか,이하,JLPT JLPT_N4,DS5y_+4p`Y
選ぶ,えらぶ,택하다,Genki Genki_Ln.17 Intermediate_Japanese_Ln.3 JLPT JLPT_N4,Jo*`4U5e.W
～ばかり,～ばかり,갓,JLPT JLPT_N4,vbW68h-IIc
心,こころ,"마음, 정신",JLPT JLPT_N4,Fkhe%Dz2nb
～だす,～だす,"내다, 꺼내다; 내밀다",JLPT JLPT_N4,B+=k~owmr!
サラダ,サラダ,샐러드,JLPT JLPT_N4,J3A=]P#ec<
届ける,とどける,전하다,Intermediate_Japanese_Ln.9 JLPT JLPT_N4,tA&cXA55C=
挨拶,あいさつする,인사,JLPT JLPT_N4,h|NjvFq!b]
景色,けしき,경관,JLPT JLPT_N4,Cd#u9/v:Pu
確か,たしか,틀림없이,Intermediate_Japanese_Ln.4 JLPT JLPT_N4,v&7%T>e{{z
ステーキ,ステーキ,스테이크,JLPT JLPT_N4,K0B$/YQ?Op
食料品,しょくりょうひん,식료품,JLPT JLPT_N4,kg/Pg!K6&w
森,もり,숲,JLPT JLPT_N4,mJkKf?UAUT
以内,いない,이내,JLPT JLPT_N4,EyK>c0C[$K
予定,よてい,예정,Genki Genki_Ln.15 Intermediate_Japanese_Ln.15 JLPT JLPT_N4,I$<#IwHCvW
オーバー,オーバー,외투; 초과; 과장,JLPT JLPT_N4,umd4AX=/RI
乾く,かわく,마르다,JLPT JLPT_N4,s+Ju<mmF]C
石,いし,돌,JLPT JLPT_N4,gg2=(OnQKh
思い出す,おもいだす,기억나다,Intermediate_Japanese_Ln.8 JLPT JLPT_N4,O?8pX)Ooz*
踊る,おどる,춤추다,Genki Genki_Ln.9 JLPT JLPT_N4,LnHUFv$!`;
細かい,こまかい,잘다,JLPT JLPT_N4,PrWma5VeE[
塗る,ぬる,"칠하다, 바르다",JLPT JLPT_N4,gb*{+)EK`F
ご主人,ごしゅじん,"바깥양반, 사부님",Genki Genki_Ln.14 JLPT JLPT_N4,"Gb,y/-3SAS"
珍しい,めずらしい,희귀하다,Intermediate_Japanese_Ln.4 JLPT JLPT_N4,LG3n^a@XAC
用,よう,"볼일, 용건",Intermediate_Japanese_Ln.9 JLPT JLPT_N4,CvxvGX`|/>
公務員,こうむいん,공복,JLPT JLPT_N4,p;42%b%y:T
お嬢さん,おじょうさん,따님,Genki Genki_Ln.22 JLPT JLPT_N4,Ee+d{e?WRj
用意,ようい,준비,JLPT JLPT_N4,"PJ%Q,E{$_L"
探す,さがす,찾다,Genki Genki_Ln.15 Intermediate_Japanese_Ln.8 JLPT JLPT_N4,h4(YO`o85t
形,かたち,꼴,JLPT JLPT_N4,f7_i%J0-/Y
運転,うんてんする,운전,JLPT JLPT_N4,r!zv#R0ur*
すっかり,すっかり,말짱,JLPT JLPT_N4,nV=]]BK.9=
アナウンサー,アナウンサー,아나운서,JLPT JLPT_N4,oG?shn0:uO
お土産,おみやげ,기념품,Genki Genki_Ln.4 JLPT JLPT_N4,IKS:}hgF8q
消しゴム,けしゴム,지우개,JLPT JLPT_N4,"gW^biR[nM,"
旅館,りょかん,여관,Genki Genki_Ln.15 Intermediate_Japanese_Ln.6 JLPT JLPT_N4,Ke`aN1|5T#
海岸,かいがん,"해안, 해안가",JLPT JLPT_N4,O1]Ne=Q0*.
寂しい,さびしい,고적하다,Genki Genki_Ln.9 JLPT JLPT_N4,pi{)YOFX|t
火,ひ,불,JLPT JLPT_N4,gjC}:7>!AJ
育てる,そだてる,기르다,Genki Genki_Ln.22 JLPT JLPT_N4,r6b~+z#uh_
味噌,みそ,된장,JLPT JLPT_N4,FzA7odIzvp
お祝い,おいわい,선물,Intermediate_Japanese_Ln.7 JLPT JLPT_N4,sQaWTq!hP`
乗り物,のりもの,탈것,JLPT JLPT_N4,i9[ZI9WM}X
案内,あんないする,안내,JLPT JLPT_N4,DO_nJ<yYaJ
通う,かよう,오가다,JLPT JLPT_N4,D<g$_r(YBs
連れる,つれる,이끌다,JLPT JLPT_N4,J&sg+H>0p_
技術,ぎじゅつ,기술,JLPT JLPT_N4,PCC!&zGiCY
小鳥,ことり,작은 새,JLPT JLPT_N4,G|$muceS&O
下宿,げしゅく,하숙,JLPT JLPT_N4,"bmjB!,8T=p"
ジャム,ジャム,잼,JLPT JLPT_N4,D@h7*f7p?d
招待,しょうたいする,초대,JLPT JLPT_N4,c$Y~;QF){;
鏡,かがみ,거울,JLPT JLPT_N4,v%J5x[E:;(
はず,はず,(당연히 그렇게 되어야 함을 나타냄) ...할 터. ...일 것,JLPT JLPT_N4,Jg5{R&fxyH
法律,ほうりつ,법률,JLPT JLPT_N4,O9|FD5Fq3.
進む,すすむ,나아가다,JLPT JLPT_N4,b6Re}g0};8
楽む,たのしむ,즐기다,JLPT JLPT_N4,iCe:{Xn-6L
貿易,ぼうえき,무역,JLPT JLPT_N4,bc9Yp10YbE
反対,はんたい,반대,JLPT JLPT_N4,KY]P)[osSM
おる,おる,있다; ~하고 있다(겸양 표현),Genki Genki_Ln.20 JLPT JLPT_N4,Adc_Jds{te
申す,もうす,말하다,Genki Genki_Ln.20 JLPT JLPT_N4,e<WJ-6`NVb
試験,しけん,시험,Genki Genki_Ln.9 JLPT JLPT_N4,bUCd_5rR^-
真面目,まじめ,부지런,JLPT JLPT_N4,xK*F{fx?.z
ごらんになる,,보시다,Genki Genki_Ln.19 JLPT JLPT_N4,k(j]!OR1gM
店員,てんいん,점원,Intermediate_Japanese_Ln.6 JLPT JLPT_N4,GeFU%up;F{
泊まる,とまる,머물다,JLPT JLPT_N4,IbHq#Ubd>&
よろしい,よろしい,"좋다, 괜찮다(격식 있는 표현)",JLPT JLPT_N4,Ah<}g#ysAC
今夜,こんや,오늘밤,JLPT JLPT_N4,qWO]e*;%U}
おつり,おつり,잔돈,JLPT JLPT_N4,wx#vXTnj!Z
チェックする,チェックする,"확인하다, 점검하다",JLPT JLPT_N4,o%*Ndg~YHB
会話,かいわ,"회화, 얘기",JLPT JLPT_N4,dD;CvmzQ9b
空気,くうき,기운,Genki Genki_Ln.8 JLPT JLPT_N4,C)1Z!^eB^|
交通,こうつう,교통,JLPT JLPT_N4,AyJ>}k*DyK
ワープロ,ワープロ,워드 프로세서,JLPT JLPT_N4,!Qc[fI`%{
喜ぶ,よろこぶ,반기다,JLPT JLPT_N4,DF7Py?yTD[
急行,きゅうこう,급행,Intermediate_Japanese_Ln.7 JLPT JLPT_N4,t]K/5%].:3
皆,みな,모두,JLPT JLPT_N4,r56e/uzKVH
味,あじ,맛,JLPT JLPT_N4,B]?q9zUNzO
空港,くうこう,공항,Genki Genki_Ln.20 JLPT JLPT_N4,Qgx/]mMiIj
手袋,てぶくろ,장갑,Genki Genki_Ln.10 JLPT JLPT_N4,LM6P1@!I~2
校長,こうちょう,"교장, 학교장",JLPT JLPT_N4,eI/Ghjq;7/
ごちそう,ごちそう,손님을 접대함.; 진수성찬,JLPT JLPT_N4,D/ibPniDYT
踊り,おどり,춤,JLPT JLPT_N4,J=*Z|>n+QR
興味,きょうみ,취미,JLPT JLPT_N4,DIyl0xA#)2
引っ越す,ひっこす,이사하다,JLPT JLPT_N4,EGeSfwOFZ.
冷房,れいぼう,냉방,JLPT JLPT_N4,stZHJs{qvP
都合,つごう,"사정, 일",JLPT JLPT_N4,b;szYJp1~0
遠慮,えんりょする,"사양, 자제; 삼가다, 자제하다",JLPT JLPT_N4,uqPUmCD*1n
亡くなる,なくなる,가다,JLPT JLPT_N4,Iq_q:mI=}n
科学,かがく,과학,Genki Genki_Ln.1 JLPT JLPT_N4,gWOi-(wW;M
はっきり,はっきり,똑똑히,JLPT JLPT_N4,soMm6B)m]t
差し上げる,さしあげる,드리다(겸양어),Genki Genki_Ln.20 JLPT JLPT_N4,zkSrvJWm{I
気持ち,きもち,"마음, 맘",JLPT JLPT_N4,P!ajdoiyb.
祖父,そふ,조부,JLPT JLPT_N4,ytyAfRG*6x
港,みなと,항구,JLPT JLPT_N4,sHl5)cnUcM
予約,よやく,예약,Genki Genki_Ln.10 JLPT JLPT_N4,rSce1JPbkI
凄い,すごい,기똥차다,JLPT JLPT_N4,P~)7jIfH{m
入学,にゅうがくする,입학,JLPT JLPT_N4,"jo:/>1,9uU"
片付ける,かたづける,치우다,JLPT JLPT_N4,Ef_Twp5ERS
写す,うつす,"뜨다, 베끼다",JLPT JLPT_N4,x|L%TU)*iv
パソコン,パソコン,개인용 컴퓨터,JLPT JLPT_N4,tQ#JE!pNrV
部長,ぶちょう,부장,Genki Genki_Ln.19 Intermediate_Japanese_Ln.15 JLPT JLPT_N4,O:v<m}n3*n
火事,かじ,불,JLPT JLPT_N4,Kll.Pvc/gB
足す,たす,플러스하다,JLPT JLPT_N4,M:pOTP>t7-
教会,きょうかい,교회,Intermediate_Japanese_Ln.9 JLPT JLPT_N4,oA&[8r+GKm
彼ら,かれら,그네,JLPT JLPT_N4,k?K1].&L.0
一杯,いっぱい,"가득, 한가득",JLPT JLPT_N4,w&/o{@M=$:
アメリカ,アメリカ,아메리카,Genki Genki_Ln.1 Genki_Ln.2 JLPT JLPT_N4,IVipO?aKE#
男性,だんせい,남자,JLPT JLPT_N4,r6Y+#Vxx9S
理由,りゆう,이유,JLPT JLPT_N4,P7}t{e2du#
生産,せいさんする,생산,JLPT JLPT_N4,pm+O;C4U:>
着物,きもの,기모노,Genki Genki_Ln.13 JLPT JLPT_N4,"A(ZdyF5k,T"
おもちゃ,おもちゃ,"노리개, 노리갯감",Genki Genki_Ln.11 JLPT JLPT_N4,Cf`[JaXL7u
暮れる,くれる,저물다,JLPT JLPT_N4,i-JL+Sl!mg
釣る,つる,낚다,JLPT JLPT_N4,"GWJ%g`TG,o"
～ちゃん,～ちゃん,아,JLPT JLPT_N4,r2m3z~%1s]
打つ,うつ,치다,JLPT JLPT_N4,pBs^gx/@>a
あんな,あんな,"저만, 조만",JLPT JLPT_N4,K%g**4JE#C
謝る,あやまる,사과하다,JLPT JLPT_N4,C%+Y^2-4l[
昼間,ひるま,"하루, 해",JLPT JLPT_N4,p3^ge-^eJl
教育,きょういく,교육,JLPT JLPT_N4,HW9*4`esHu
女性,じょせい,여자,JLPT JLPT_N4,E9gO2XIg*K
米,こめ,쌀,JLPT JLPT_N4,"t,HSQDh#2"
邪魔,じゃま,가탈,JLPT JLPT_N4,c]>yivA`ny
国際,こくさい,국제,JLPT JLPT_N4,f~g3tMo97^
隅,すみ,"구석, 구석빼기",JLPT JLPT_N4,eeOvjZ5zl.
伺う,うかがう,"(겸양어) 여쭙다, 방문하다, 듣다",JLPT JLPT_N4,Lmfy{2F]$A
再来週,さらいしゅう,다다음주,JLPT JLPT_N4,kKHM?VM`7o
夢,ゆめ,꿈,Genki Genki_Ln.11 JLPT JLPT_N4,lZn7[}J9+0
喉,のど,목구멍,JLPT JLPT_N4,c+C3t7I~.8
最近,さいきん,최근,Genki Genki_Ln.15 Intermediate_Japanese_Ln.9 JLPT JLPT_N4,e2RD]Myt9A
周り,まわり,주변,JLPT JLPT_N4,fhT%f*K[Vx
歴史,れきし,역사,Genki Genki_Ln.1 Genki_Ln.2 Intermediate_Japanese_Ln.3 JLPT JLPT_N4,lQ}Sxv&`A!
不便,ふべん,불편,JLPT JLPT_N4,C!<M[IO(?_
血,ち,피,JLPT JLPT_N4,0ihaC]*Q^
～続ける,～つづける,계속하다,JLPT JLPT_N4,JHO_m/Gf)j
毛,け,터럭,JLPT JLPT_N4,gsy(C|!IEU
ひどい,ひどい,모질다,Genki Genki_Ln.21 Intermediate_Japanese_Ln.4 JLPT JLPT_N4,M6<?LBefmj
例えば,たとえば,"가령, 예컨대",Genki Genki_Ln.17 Intermediate_Japanese_Ln.2 JLPT JLPT_N4,n/o*9@bFx6
中々,なかなか,(부정어와 같이 쓰이며) 좀처럼,JLPT JLPT_N4,@YWCVJq=)
随分,ずいぶん,상당히. 매우,JLPT JLPT_N4,NMl:D%#1zF
～やすい,～やすい,(값이) 싸다; 쉽다,JLPT JLPT_N4,exjp1w(~N7
押し入れ,おしいれ,벽장,JLPT JLPT_N4,Al&#S)GWr$
電灯,でんとう,전등,JLPT JLPT_N4,jodPP9K~W{
叱る,しかる,꾸짖다,JLPT JLPT_N4,LMzmk?%TI!
サンダル,サンダル,샌들,JLPT JLPT_N4,nKx7m0Vnj8
びっくりする,びっくりする,놀라워하다,Genki Genki_Ln.21 JLPT JLPT_N4,Cr@7!m+n{m
うまい,うまい,달다,JLPT JLPT_N4,"C`4~Q!,KRn"
変える,かえる,바꾸다,JLPT JLPT_N4,x+80xLQg^-
講堂,こうどう,강당,JLPT JLPT_N4,ktg9A%:iyA
子,こ,아이,JLPT JLPT_N4,u.wVLBCC7[
沸かす,わかす,끓이다,JLPT JLPT_N4,"d,.x::f0>g"
レジ,レジ,계산대,JLPT JLPT_N4,m?VOxpy?_K
しばらく,しばらく,당분간,JLPT JLPT_N4,w1JlkP{0C8
特に,とくに,특히,Intermediate_Japanese_Ln.3 JLPT JLPT_N4,Qf=L0@hP&F
空く,あく,"나다, 비다",JLPT JLPT_N4,Cg0$u|Ogik
計画,けいかくする,계획,JLPT JLPT_N4,s2fE.u9}xk
通り,とおり,거리,JLPT JLPT_N4,QBI<)8t#SN
下着,したぎ,속옷,JLPT JLPT_N4,tFl(JKOvJ3
経済,けいざい,경제,JLPT JLPT_N4,rJHgD<t_i_
こう,こう,요렇게,JLPT JLPT_N4,Q%+*%s6}J9
是非,ぜひ,시비; 꼭,Genki Genki_Ln.9 Intermediate_Japanese_Ln.15 Intermediate_Japanese_Ln.8 JLPT JLPT_N4,kray(3KD^X
裏,うら,뒷면,JLPT JLPT_N4,pQ2heE~587
為,ため,~을 위하여; 원인,JLPT JLPT_N4,Fly+C7B(R*
おいでになる,おいでになる,"계시다, 가시다, 오시다",JLPT JLPT_N4,ok-j:Fq]#X
変わる,かわる,변하다,Intermediate_Japanese_Ln.4 JLPT JLPT_N4,N?)pR_`l)L
以外,いがい,이외,Intermediate_Japanese_Ln.3 JLPT JLPT_N4,io5npAJ^ZJ
済む,すむ,끝나다,JLPT JLPT_N4,eQV4%/qxB)
ハンバーグ,ハンバーグ,햄버거 스테이크,JLPT JLPT_N4,zs3r)kO4N*
市,し,시,JLPT JLPT_N4,rXed<x$qC(
引き出し,ひきだし,서랍,JLPT JLPT_N4,tGG+yHdqmL
遊び,あそび,놀이,JLPT JLPT_N4,"O8zue,3OP7"
支度,したくする,준비,JLPT JLPT_N4,QsqU&|{INc
～始める,～はじめる,시작하다,JLPT JLPT_N4,BA.Jz]NK1.
見える,みえる,보이다,Genki Genki_Ln.15 JLPT JLPT_N4,cEonZn&vE$
十分,じゅうぶん,십분,JLPT JLPT_N4,vgB;={Nvrv
音,おと,소리,Genki Genki_Ln.20 JLPT JLPT_N4,y~nFfa-~?d
きっと,きっと,"필시, 필연",Intermediate_Japanese_Ln.7 JLPT JLPT_N4,>[X6H]9HU
まず,まず,먼저,Genki Genki_Ln.18 JLPT JLPT_N4,b.U+m9N1DV
遠く,とおく,멀리멀리,JLPT JLPT_N4,P.EKUt5=[B
大体,だいたい,대체로,Intermediate_Japanese_Ln.15 Intermediate_Japanese_Ln.3 JLPT JLPT_N4,PoQwq(:pGi
折れる,おれる,부러지다,JLPT JLPT_N4,"C>N,+q5aTm"
正しい,ただしい,맞다,JLPT JLPT_N4,ynVxN8fR|I
輸入,ゆにゅう,수입,JLPT JLPT_N4,c#?sbZfFpt
返事,へんじ,"답장, 대답",JLPT JLPT_N4,KqUGjMWU_#
都,と,수도,JLPT JLPT_N4,OcM{?!kX-7
産業,さんぎょう,산업,JLPT JLPT_N4,r<I`MSX5aQ
伝える,つたえる,전달하다,Genki Genki_Ln.20 Intermediate_Japanese_Ln.15 JLPT JLPT_N4,"z>dT,I0S3h"
お金持ち,かねもち; おかねもち,부자,JLPT JLPT_N4,H?Z`hWb&65
説明,せつめい,설명,JLPT JLPT_N4,jzx*<D-6cG
島,しま,섬,Intermediate_Japanese_Ln.5 JLPT JLPT_N4,AOZjwUDN5g
道具,どうぐ,도구,JLPT JLPT_N4,Me$$/AnEcv
滑る,すべる,미끄러지다,JLPT JLPT_N4,nobw)6B/(-
それほど,それほど,그다지,JLPT JLPT_N4,tq|Owona;B
以上,いじょう,이상,JLPT JLPT_N4,kbfzlR:5u>
～まま,～まま,채,JLPT JLPT_N4,j#zKPMXsT3
特急,とっきゅう,특급,JLPT JLPT_N4,sOgOxrQFHN
プレゼント,プレゼント,선물,Genki Genki_Ln.12 JLPT JLPT_N4,FrsjD-2$(X
～(に) よると,～(に) よると,~에 따르면,JLPT JLPT_N4,erz+S2{yL|
妻,つま,아내,JLPT JLPT_N4,pfL{;:Bm<O
帰り,かえり,"돌아오는 길, 귀가",JLPT JLPT_N4,A1{^9x(Ly$
具合,ぐあい,컨디션,JLPT JLPT_N4,Ha+Fpz*nIy
堅; 硬; 固い,かたい,"단단한, 견고한, 견고한",JLPT JLPT_N4,Qr]]OTGag7
駐車場,ちゅうしゃじょう,주차장,JLPT JLPT_N4,Q9!i44Gj}q
スーツ,スーツ,양복,JLPT JLPT_N4,"M~,%txA#EO"
危険,きけん,위험,Intermediate_Japanese_Ln.15 JLPT JLPT_N4,f#x=KD-)bk
髪,かみ,"머리, 머리칼, 머리털",Genki Genki_Ln.7 JLPT JLPT_N4,roFwJrlfKR
天気予報,てんきよほう,일기 예보,Genki Genki_Ln.8 JLPT JLPT_N4,rN#1gCRiI^
彼女,かのじょ,그녀,Genki Genki_Ln.12 JLPT JLPT_N4,xL3J@WlS{%
間,あいだ,새,JLPT JLPT_N4,MXEynMn6*x
卒業,そつぎょう,졸업,JLPT JLPT_N4,yOSz]L8FJS
それで,それで,그래,JLPT JLPT_N4,rZ[:sRogcN
枝,えだ,나뭇가지,JLPT JLPT_N4,FAl}KCf:~8
専門,せんもん,전문,Genki Genki_Ln.1 JLPT JLPT_N4,k;2({qLOGz
そろそろ,そろそろ,슬슬,JLPT JLPT_N4,Q|>K44^N++
送る,おくる,띄우다,Genki Genki_Ln.14 Intermediate_Japanese_Ln.3 JLPT JLPT_N4,e1#_xMS<)@
あげる,あげる,높이 올리다; (팔을) 쳐들다,JLPT JLPT_N4,w6NP$s|k?>
騒ぐ,さわぐ,떠들다,JLPT JLPT_N4,E-jyAQ+?xZ
尋ねる,たずねる,묻다,JLPT JLPT_N4,B;}vj%?W%Z
放送,ほうそうする,방송,JLPT JLPT_N4,HT(fAub[.Z
政治,せいじ,정치,Genki Genki_Ln.1 Genki_Ln.12 Intermediate_Japanese_Ln.3 JLPT JLPT_N4,LbbPDli%;(
市民,しみん,시민,JLPT JLPT_N4,KnKdz8[G7<
ファックス,ファックス,팩스,JLPT JLPT_N4,sG]9/N[j*>
負ける,まける,패배하다,Intermediate_Japanese_Ln.7 JLPT JLPT_N4,t-t/Tk%(SS
指輪,ゆびわ,반지,Genki Genki_Ln.14 JLPT JLPT_N4,By9Xq1v4J{
田舎,いなか,시골,JLPT JLPT_N4,qO;XWK^*$*
見つける,みつける,만나다,Genki Genki_Ln.21 JLPT JLPT_N4,JSBDi~:Uul
高校生,こうこうせい,고등학생,Genki Genki_Ln.1 JLPT JLPT_N4,s|lGtGG1fi
講義,こうぎ,강의,Intermediate_Japanese_Ln.5 JLPT JLPT_N4,q(32?ls(B3
そんなに,そんなに,"그다지, 그리",JLPT JLPT_N4,pG^h}ycj3(
昼休み,ひるやすみ,점심시간,JLPT JLPT_N4,lFVXC$-X%0
忘れ物,わすれもの,유실물,JLPT JLPT_N4,c>u.i{BBMW
下りる,おりる,내려가다,JLPT JLPT_N4,"d9,VKd=RU="
腕,うで,"팔, 팔뚝",Intermediate_Japanese_Ln.7 JLPT JLPT_N4,AiW}:.4@ze
訳,わけ,"까닭, 물색",JLPT JLPT_N4,usS4^zwn[>
承知,しょうちする,승낙,JLPT JLPT_N4,H:BcaGHLGe
日記,にっき,일기,Genki Genki_Ln.18 JLPT JLPT_N4,"BMMWqQZ#[,"
高校; 高等学校,こうこう; こうとうがっこう,고등학교,JLPT JLPT_N4,KKBE9#o7:F
似る,にる,닮다,JLPT JLPT_N4,i`_a~no4G!
～おわる,～おわる,끝나다,JLPT JLPT_N4,qwf(Try}@4
暖房,だんぼう,난방,JLPT JLPT_N4,dvn`p4e0P6
留守,るす,부재; 집에 없음,Genki Genki_Ln.21 JLPT JLPT_N4,BK(gHI]ze3
割合,わりあい,비율,JLPT JLPT_N4,vGMwhqQc%{
寺,てら,"사찰, 절",JLPT JLPT_N4,Hiagec7p~[
慣れる,なれる,"길들다, 익다",JLPT JLPT_N4,m30?cbGY7<
普通,ふつう,일반,Intermediate_Japanese_Ln.2 Intermediate_Japanese_Ln.3 JLPT JLPT_N4,s:f#izD=u2
手伝う,てつだう,돕다,JLPT JLPT_N4,s_Pi8jG!6%
なるほど,なるほど,"(남의 주장을 긍정할 때나, 상대방 말에 맞장구 치며) 정말; 과연",Intermediate_Japanese_Ln.6 JLPT JLPT_N4,b:e%Ujd8JZ
くださる,くださる,주시다,JLPT JLPT_N4,sPmqOCO=cT
息子,むすこ,"아들, 아들애",JLPT JLPT_N4,xE%1d@q~=0
お子さん,おこさん,"자녀분, 아이",Genki Genki_Ln.19 JLPT JLPT_N4,JfH~5*U.a_
会場,かいじょう,회장,JLPT JLPT_N4,rYhMPU9-hG
笑う,わらう,웃다,JLPT JLPT_N4,y~ow$kbx8M
運ぶ,はこぶ,나르다,Genki Genki_Ln.22 Intermediate_Japanese_Ln.6 JLPT JLPT_N4,v9DX2R5H-S
文学,ぶんがく,문학,Genki Genki_Ln.1 Intermediate_Japanese_Ln.3 JLPT JLPT_N4,"lUX,?(3;D]"
光,ひかり,빛,JLPT JLPT_N4,qZgkVt9uh<
お見舞い,おみまい,문안; 문안 선물,JLPT JLPT_N4,vi}b>#%^FD
席,せき,자리,Intermediate_Japanese_Ln.7 JLPT JLPT_N4,frRhF)UU}W
～様,～さま,음독의 하나; 모양,JLPT JLPT_N4,JidByAlQoq
ご存じ,ごぞんじ,"아심, 알고 계심",JLPT JLPT_N4,k8%o+}YbEd
下る,さがる,내려가다,JLPT JLPT_N4,oX|5UGkIW2
字,じ,글자,Genki Genki_Ln.20 JLPT JLPT_N4,paD_A<.{(!
アジア,アジア,아시아,JLPT JLPT_N4,"Q{IM`lB,o7"
褒める,ほめる,칭찬하다,Genki Genki_Ln.21 JLPT JLPT_N4,!.H?[6|B.
空く,すく,허하다,JLPT JLPT_N4,fg<?z[S^C:
あ,あ,아,JLPT JLPT_N4,qc]3W&Jc<m
最も,もっとも,"제일, 젤",JLPT JLPT_N4,TJ2Lm-F`{
合う,あう,맞다,JLPT JLPT_N4,OAIc&<q]o$
～代,～だい,대,JLPT JLPT_N4,y4r%$Sls[D
最後,さいご,"최종, 최후",JLPT JLPT_N4,P^V7$JoB=L
値段,ねだん,가격,JLPT JLPT_N4,E3[j8aN}XJ
退院,たいいんする,퇴원,JLPT JLPT_N4,E-^*b8-xhX
展覧会,てんらんかい,전람회,JLPT JLPT_N4,PN~#oqMNRx
久しぶり,ひさしぶり,오랜만,Genki Genki_Ln.11 Intermediate_Japanese_Ln.4 JLPT JLPT_N4,"J`#Y!H,,<%"
カーテン,カーテン,장막,Genki Genki_Ln.18 JLPT JLPT_N4,NFW!?qkYyo
汽車,きしゃ,기차,JLPT JLPT_N4,KH0a_3!CiN
遅れる,おくれる,늦다,Genki Genki_Ln.19 Intermediate_Japanese_Ln.2 JLPT JLPT_N4,rDxLnq^]Ph
見つかる,みつかる,나오다,JLPT JLPT_N4,b>m8LlfHOm
召し上がる,めしあがる,"들다, 자시다",Genki Genki_Ln.19 Intermediate_Japanese_Ln.6 JLPT JLPT_N4,Fa=r1a7`zE
太る,ふとる,살찌다,Genki Genki_Ln.7 JLPT JLPT_N4,BN&?E=z3*H
注射,ちゅうしゃ,주사,JLPT JLPT_N4,lG`+>+=?Os
様,よう,모양,JLPT JLPT_N4,t[MNQO-W6
～おき,～おき,"~마다, ~간격으로",JLPT JLPT_N4,ISv;l<*PQR
最初,さいしょ,초두,JLPT JLPT_N4,uJfgbAk&PM
御～,ご～,존경·공손 접두어,JLPT JLPT_N4,b?YXE$9w]A
安心,あんしん,안심,JLPT JLPT_N4,C^vt]hY6vW
直る,なおる,떨어지다,JLPT JLPT_N4,wOi%P<vl?O
集める,あつめる,모으다,Genki Genki_Ln.16 Intermediate_Japanese_Ln.7 JLPT JLPT_N4,OW4zN$vq<h
直す,なおす,고치다,Genki Genki_Ln.16 JLPT JLPT_N4,g9g}aXNY+w
続く,つづく,"연속되다, 연속하다",JLPT JLPT_N4,"I,82^s2,ha"
先輩,せんぱい,선배,Genki Genki_Ln.22 JLPT JLPT_N4,iQ7T^oqMw-
約束,やくそく,약속,Genki Genki_Ln.13 JLPT JLPT_N4,gG#1gGEk5+
世話,せわする,폐; 신세; 귀찮은 일,JLPT JLPT_N4,u{y[j%Z9W2
近所,きんじょ,근처,JLPT JLPT_N4,hCRlD3m.g(
将来,しょうらい,장래,Genki Genki_Ln.11 Intermediate_Japanese_Ln.5 JLPT JLPT_N4,y@QKAOSu|U
億,おく,억,JLPT JLPT_N4,iX-FN@Kj?p
数学,すうがく,수학,JLPT JLPT_N4,EO5o6*tgn9
文化,ぶんか,문화,Genki Genki_Ln.19 JLPT JLPT_N4,z%ky|Q={QQ
払う,はらう,긁다,Genki Genki_Ln.10 Intermediate_Japanese_Ln.3 JLPT JLPT_N4,i~kIT)jn~k
習慣,しゅうかん,습관,JLPT JLPT_N4,v)1shr#hf=
焼ける,やける,달아오르다,JLPT JLPT_N4,ws>!BOMOtu
君,きみ,당신,JLPT JLPT_N4,P|5<lpF.:2
冷える,ひえる,식다,JLPT JLPT_N4,np-S*rxEi@
点く,つく,"켜지다, 불이 붙다",JLPT JLPT_N4,s+|BHBlyTh
この間,このあいだ,"요전번, 이전번",Genki Genki_Ln.16 JLPT JLPT_N4,c(L)|Hc$oD
格好,かっこう,모양새,JLPT JLPT_N4,j4zgBW-)uI
かまう,かまう,"마음을 쓰다, 개의하다, 구애되다",JLPT JLPT_N4,l%US3Ov|)s
続ける,つづける,계속하다,Genki Genki_Ln.21 JLPT JLPT_N4,Dmf=K4sY#J
落す,おとす,"떨어뜨리다, 내리다, 제거하다",JLPT JLPT_N4,p0#ZhzpH-}
明日,あす,낼,JLPT JLPT_N4,ITR}TzQQ.H
出発,しゅっぱつする,출발,JLPT JLPT_N4,hH4(GI}wN&
拝見,はいけんする,열람하다; 열람,JLPT JLPT_N4,udBE2Kt)`=
割れる,われる,깨어지다,JLPT JLPT_N4,G?t1hbgS`?
背中,せなか,등,JLPT JLPT_N4,hg%3^*8ICS
新聞社,しんぶんしゃ,신문사,JLPT JLPT_N4,m^QI_$65r>
いじめる,いじめる,갈구다,Genki Genki_Ln.21 JLPT JLPT_N4,gd&LFipme&
回る、回す,まわる、まわす,돌다; 돌리다,JLPT JLPT_N4,OXe]%sDun3
～君,～くん,"자네, 너(2인칭); 군, 동배 또는 손아랫사람 이름 밑에 붙이는 말",JLPT JLPT_N4,yqGP#fHaRj
おっしゃる,おっしゃる,말씀하시다,Genki Genki_Ln.19 JLPT JLPT_N4,Bv6:t/{x_6
眠い,ねむい,졸리다,Genki Genki_Ln.10 JLPT JLPT_N4,g1)0|I<ucL
濡れる,ぬれる,젖다,JLPT JLPT_N4,"n,@-PdsLi~"
倒れる,たおれる,무너지다,JLPT JLPT_N4,k|Od:&*w$$
スーパー (マーケット),スーパー (マーケット),슈퍼마켓,JLPT JLPT_N4,DH3_3RD/FB
アクセサリー,アクセサリー,액세서리,JLPT JLPT_N4,qvO-&Z#/h
考える,かんがえる,치부하다,Genki Genki_Ln.18 JLPT JLPT_N4,"M,WdgwY$__"
向かう,むかう,향하다,JLPT JLPT_N4,sLFa<Dk5BC
自由,じゆう,자유,Genki Genki_Ln.22 JLPT JLPT_N4,lFnDZou.7G
仕方,しかた,수,JLPT JLPT_N4,AM]yYl5eIO
首,くび,목,JLPT JLPT_N4,JPecz-JR}]
程,ほど,"정도, 만큼",JLPT JLPT_N4,p%bF6rAi^7
代わり,かわり,대신,JLPT JLPT_N4,rZ#&qP#LLe
失敗,しっぱい,"실수, 실패",JLPT JLPT_N4,KT@^}h^l+<
工業,こうぎょう,공업,JLPT JLPT_N4,kLOeCV|5Ly
移る,うつる,"가다, 옮다",JLPT JLPT_N4,EwBssfbpE#
スーツケース,スーツケース,여행용 가방,JLPT JLPT_N4,z<X.?7YIM*
ひげ,ひげ,수염,Genki Genki_Ln.17 JLPT JLPT_N4,OC&/lk8Sbt
研究室,けんきゅうしつ,연구실,Intermediate_Japanese_Ln.3 JLPT JLPT_N4,C=g-AqnF6#
工場,こうじょう,공장,Genki Genki_Ln.21 Intermediate_Japanese_Ln.15 JLPT JLPT_N4,zB*.:-`=4j
紹介,しょうかい,소개,JLPT JLPT_N4,dT=BbRaUvW
けれど; けれども,けれど; けれども,"하지만, ~에도 불구하고",JLPT JLPT_N4,mDzGR2QZWc
舟,ふね,"배, 보트",JLPT JLPT_N4,"B,m2(2B05a"
動く,うごく,놀다,JLPT JLPT_N4,F~}14d`>!6
～(に) ついて,～(に) ついて,"~에 관하여, ~에 대해",JLPT JLPT_N4,"s~K|,g+o=("
コンサート,コンサート,"연주회, 음악회",Genki Genki_Ln.9 JLPT JLPT_N4,c-Fil]C?m3
虫,むし,벌레,JLPT JLPT_N4,gn!@amuoHx
優しい,やさしい,좋다,Genki Genki_Ln.5 JLPT JLPT_N4,gfbdYDbw~Y
コンピュータ; コンピューター,コンピュータ; コンピューター,컴퓨터,JLPT JLPT_N4,i=KlAInS10
植える,うえる,심다,JLPT JLPT_N4,M>_C}7!LEs
両方,りょうほう,양쪽,JLPT JLPT_N4,w+8nx7:F3*
汚れる,よごれる,더러워지다,JLPT JLPT_N4,yxTJ>uc(`r
水泳,すいえい,수영,JLPT JLPT_N4,p8o.J&l.y:
経験,けいけんする,경험,JLPT JLPT_N4,f+zL`Y7buD
勝つ,かつ,이기다,JLPT JLPT_N4,vi?&`a{.eH
砂,すな,모래,JLPT JLPT_N4,"v^,Hr#Vg!e"
警察,けいさつ,경찰,Genki Genki_Ln.21 JLPT JLPT_N4,Cqbq5lE;g6
取り替える,とりかえる,개비하다,JLPT JLPT_N4,fAPL%{p!|p
急ぐ,いそぐ,서두르다,Genki Genki_Ln.6 Intermediate_Japanese_Ln.2 JLPT JLPT_N4,C+o)~b82kd
簡単,かんたん,간이,JLPT JLPT_N4,oG^L}3iGdF
参る,まいる,꿀리다,Genki Genki_Ln.20 Intermediate_Japanese_Ln.6 JLPT JLPT_N4,dY_fG(MyTI
全然,ぜんぜん,"통, 당최",JLPT JLPT_N4,iJGs=<smMr
特別,とくべつ,특별,JLPT JLPT_N4,w*:rZ|MXHf
復習,ふくしゅう,복습,JLPT JLPT_N4,O40vK?08(g
間に合う,まにあう,대다,JLPT JLPT_N4,l3xWb^IMb
役に立つ,やくにたつ,"도움이 되다, 유용하다",Intermediate_Japanese_Ln.4 JLPT JLPT_N4,Bodoj{2=?#
もうすぐ,もうすぐ,"이제 곧, 이윽고",Genki Genki_Ln.12 JLPT JLPT_N4,cr{2h{c->
真中,まんなか,"한가운데, 중앙",JLPT JLPT_N4,R5Bu:`G<@
戻る,もどる,돌아오다,Genki Genki_Ln.20 Intermediate_Japanese_Ln.8 JLPT JLPT_N4,g9-rOAl2<k
研究,けんきゅう,연구,JLPT JLPT_N4,"r,JjBHrK!8"
ケーキ,ケーキ,케이크,Genki Genki_Ln.13 JLPT JLPT_N4,iADgmRoi>q
草,くさ,풀,JLPT JLPT_N4,CRSs:E15FF
込む,こむ,붐비다,JLPT JLPT_N4,C3zU]</XPv
この頃,このごろ,요즘,Genki Genki_Ln.10 JLPT JLPT_N4,F2eeT8$KYX
訪ねる,たずねる,"찾다, 찾아보다",JLPT JLPT_N4,l{^{>8a$f>
下げる,さげる,"떨어뜨리다, 떨어트리다",Intermediate_Japanese_Ln.2 JLPT JLPT_N4,mC:cy`3AnB
花見,はなみ,꽃놀이,JLPT JLPT_N4,ulvW_e[_zQ
途中,とちゅう,길,JLPT JLPT_N4,"qP[3T,bvTy"
入院,にゅういんする,입원,JLPT JLPT_N4,iB?^g:!ksb
乗り換える,のりかえる,환승하다,JLPT JLPT_N4,Fu#~2.ajY<
別れる,わかれる,이별하다,JLPT JLPT_N4,ova[fXA&]m
～町,～ちょう,"~정, ~마을",JLPT JLPT_N4,"mf84}],`T,"
安全,あんぜん,안전,JLPT JLPT_N4,x>KuTt~>`B
看護婦,かんごふ,간호원,JLPT JLPT_N4,Mvt??7-[{v
見物,けんぶつ,구경,JLPT JLPT_N4,z/6V9+.-]v
相談,そうだんする,상담,JLPT JLPT_N4,"h,~$1#Tmi]"
ガソリンスタンド,ガソリンスタンド,주유소,JLPT JLPT_N4,NoACr|m()D
テニス,テニス,테니스,Genki Genki_Ln.3 JLPT JLPT_N4,Bm|4X!fT~f
眠る,ねむる,자다,JLPT JLPT_N4,H2kKiMD`}M
上がる,あがる,오르다,JLPT JLPT_N4,cvVez@U$xD
翻訳,ほんやく,번역,Intermediate_Japanese_Ln.8 JLPT JLPT_N4,q5u{4?O6M1
食事,しょくじする,식사,JLPT JLPT_N4,K<!4=Wx(&)
お陰,おかげ,"덕분, 덕택",JLPT JLPT_N4,y:GH2MLVp!
娘,むすめ,"딸, 딸아이",JLPT JLPT_N4,D>Uc.0t(Pv
湯,ゆ,온수,JLPT JLPT_N4,qZk(zY%Dgg
競争,きょうそう,경쟁,JLPT JLPT_N4,G%KC6%zs?X
会議,かいぎ,회의,Genki Genki_Ln.21 JLPT JLPT_N4,O^:<Y%-[JT
湖,みずうみ,호수,Genki Genki_Ln.11 Intermediate_Japanese_Ln.4 JLPT JLPT_N4,pP3.DL~IX-
集まる,あつまる,"모여들다, 모이다",Intermediate_Japanese_Ln.7 JLPT JLPT_N4,dj|VykRm7g
～にくい,～にくい,~하기 어렵다,JLPT JLPT_N4,m7`CbDBUYU
生活,せいかつする,생활,JLPT JLPT_N4,w`Fz_<nW/g
糸,いと,실,JLPT JLPT_N4,IpR-(E.>}{
関係,かんけい,유관,JLPT JLPT_N4,A95yiv24#q
ピアノ,ピアノ,피아노,Genki Genki_Ln.9 JLPT JLPT_N4,l~WqV~#3P+
～目,～め,만,JLPT JLPT_N4,E~pd/+U#PU
番組,ばんぐみ,프로,Genki Genki_Ln.15 JLPT JLPT_N4,A~P5;`m>{J
急,きゅう,졸지,JLPT JLPT_N4,tI;p#VWdsZ
棚,たな,선반,JLPT JLPT_N4,u[EB{0+w?@
木綿,もめん,면,JLPT JLPT_N4,C1;C=MJBjh
輸出,ゆしゅつする,수출,JLPT JLPT_N4,tgSB[Csamk
タイプ,タイプ,타입,JLPT JLPT_N4,GKLj7~1p[w
すり,すり,소매치기,JLPT JLPT_N4,"LZR2]zL[V,"
嬉しい,うれしい,"기껍다, 기쁘다",Genki Genki_Ln.13 JLPT JLPT_N4,"d;<k5,X?rJ"
アルコール,アルコール,알코올,JLPT JLPT_N4,g3}Or~C[qU
ソフト,ソフト,중절모자,JLPT JLPT_N4,D1{]Y{P=2b
神社,じんじゃ,신사,JLPT JLPT_N4,"p-k,[(f(jy"
大分,だいぶ,제법,Intermediate_Japanese_Ln.4 JLPT JLPT_N4,F=YkB>ku|#
楽しみ,たのしみ,즐거움,JLPT JLPT_N4,bsnv=TM#%{
趣味,しゅみ,취미,Genki Genki_Ln.20 JLPT JLPT_N4,NkyAEs05(h
電報,でんぽう,전보,JLPT JLPT_N4,d~+A[2;3vQ
家内,かない,아내,Intermediate_Japanese_Ln.7 JLPT JLPT_N4,JMHIMXzaOu
指,ゆび,손가락,JLPT JLPT_N4,mOnb%$R^21
これから,これから,다시,JLPT JLPT_N4,xyC3_bE-{d
たまに,たまに,가끔가다가,JLPT JLPT_N4,Op~e1|~DMP
社会,しゃかい,사회,JLPT JLPT_N4,br3q(Z|Zbk
ああ,ああ,"하, 오",JLPT JLPT_4 JLPT_5 JLPT_N5,HI-.Ij?HS~
会う,あう,보다,JLPT JLPT_3 JLPT_5 JLPT_N5,kupB!kWE}<
青,あお,"청색, 파랑",JLPT JLPT_5 JLPT_N5,HB)I{+$j.i
青い,あおい,파랗다,Genki Genki_Ln.9 JLPT JLPT_5 JLPT_N5,q(A)lc.Kr8
赤,あか,빨강,JLPT JLPT_5 JLPT_N5,y!Fn9IOz@J
赤い,あかい,붉다,Genki Genki_Ln.9 Intermediate_Japanese Intermediate_Japanese_Ln.12 JLPT JLPT_5 JLPT_N5,D`aKGX2j!#
明るい,あかるい,환하다,Genki Genki_Ln.18 Intermediate_Japanese Intermediate_Japanese_Ln.11 JLPT JLPT_5 JLPT_N5,m>)z8|k.>J
秋,あき,가을,Genki Genki_Ln.10 Intermediate_Japanese Intermediate_Japanese_Ln.4 JLPT JLPT_3 JLPT_5 JLPT_N5,H~$iS3{X?*
開く,あく,열리다,JLPT JLPT_3 JLPT_5 JLPT_N5,m[4![DH*c~
開ける,あける,열다,Intermediate_Japanese Intermediate_Japanese_Ln.12 JLPT JLPT_3 JLPT_5 JLPT_N5,y.#AVx@-k>
上げる,あげる,"쳐들다, 치켜들다",JLPT JLPT_3 JLPT_5 JLPT_N5,Hp0]9?Ae.w
朝,あさ,아침,Genki Genki_Ln.3 Intermediate_Japanese Intermediate_Japanese_Ln.2 JLPT JLPT_5 JLPT_N5,g|Q>VbnCii
朝御飯,あさごはん,아침밥,Genki Genki_Ln.3 JLPT JLPT_5 JLPT_N5,wWUR=G6*(U
明後日,あさって,모레,JLPT JLPT_5 JLPT_N5,mF[0Aq7|V7
足; 脚,あし,발; 다리,JLPT JLPT_5 JLPT_N5,m.INsC.wC2
明日,あした,내일,Genki Genki_Ln.3 Intermediate_Japanese Intermediate_Japanese_Ln.7 JLPT JLPT_3 JLPT_5 JLPT_N5,xZI7N3AauN
あそこ,あそこ,그곳,Genki Genki_Ln.2 JLPT JLPT_5 JLPT_N5,P>AI.lx+Jq
遊ぶ,あそぶ,놀이하다,Genki Genki_Ln.6 Intermediate_Japanese Intermediate_Japanese_Ln.1 JLPT JLPT_5 JLPT_N5,e<h|f2`;&
暖かい,あたたかい,따뜻하다,JLPT_N5,tk[pUMy0{i
頭,あたま,머리,Intermediate_Japanese Intermediate_Japanese_Ln.2 JLPT JLPT_5 JLPT_N5,DaKiPvzaex
新しい,あたらしい,새롭다,Genki Genki_Ln.5 JLPT JLPT_5 JLPT_N5,h)6JB@Q5Rj
あちら,あちら,저쪽,Genki Genki_Ln.20 JLPT JLPT_5 JLPT_N5,h{rLO32/d4
暑い,あつい,덥다,Genki Genki_Ln.5 Intermediate_Japanese Intermediate_Japanese_Ln.4 JLPT JLPT_5 JLPT_N5,"gSl8i,<}^I"
熱い,あつい,"덥다, 뜨겁다",Genki Genki_Ln.5 JLPT JLPT_5 JLPT_N5,Gy7fB=0YXx
厚い,あつい,"톡톡하다, 툭툭하다",JLPT JLPT_5 JLPT_N5,v[2GvOysf?
あっち,あっち,"고쪽, 그쪽",JLPT JLPT_5 JLPT_N5,Pv=fA$Z6K5
後,あと,후,Genki Genki_Ln.18 JLPT JLPT_2 JLPT_3 JLPT_5 JLPT_N5,"r-[yF55!,-"
あなた,あなた,"거기, 게",Genki Genki_Ln.4 JLPT JLPT_5 JLPT_N5,"dwd.i?n%,!"
兄,あに,"형, 오라비",Genki Genki_Ln.14 JLPT JLPT_5 JLPT_N5,L}%Kue=51s
姉,あね,언니,Genki Genki_Ln.7 JLPT JLPT_5 JLPT_N5,IX6p9}CO.e
アパート,アパート,아파트,Genki Genki_Ln.7 JLPT JLPT_5 JLPT_N5,wZ/2ki)d+f
あの,あの,조,JLPT JLPT_4 JLPT_5 JLPT_N5,B2LX%goFyX
浴びる,あびる,(물 등을) 뒤집어쓰다; (공격이나 충격 등을) 받다,JLPT JLPT_3 JLPT_5 JLPT_N5,b2.2F3UI=#
危ない,あぶない,위험하다,Intermediate_Japanese Intermediate_Japanese_Ln.15 JLPT JLPT_5 JLPT_N5,kjgRC;INvI
甘い,あまい,"달다, 들쩍지근하다",Genki Genki_Ln.12 JLPT JLPT_5 JLPT_N5,jcM!HlCL`<
余り,あまり,잉여,JLPT JLPT_3 JLPT_5 JLPT_N5,"l$B(J(k,y1"
雨,あめ,비,Genki Genki_Ln.8 JLPT JLPT_5 JLPT_N5,PaXlv})<8_
飴,あめ,(딱딱한) 사탕,JLPT JLPT_5 JLPT_N5,v}dp1l^X:W
洗う,あらう,씻다,Genki Genki_Ln.8 Intermediate_Japanese Intermediate_Japanese_Ln.10 JLPT JLPT_5 JLPT_N5,H=[cc$xhzR
在る,ある,있다,JLPT JLPT_3 JLPT_5 JLPT_N5,w$Yz{uB@-`
有る,ある,있다,JLPT JLPT_3 JLPT_5 JLPT_N5,v`6i&kQMJj
歩く,あるく,걷다,Genki Genki_Ln.20 Intermediate_Japanese Intermediate_Japanese_Ln.1 JLPT JLPT_5 JLPT_N5,"Kkagn,fSTU"
あれ,あれ,"거기, 거시기",Genki Genki_Ln.2 JLPT JLPT_5 JLPT_N5,Co(PaI(^/_
いい; よい,いい; よい,좋은,JLPT JLPT_5 JLPT_N5,O(#?WJE%7H
いいえ,いいえ,천만에,JLPT JLPT_5 JLPT_N5,"iO`r],Af`o"
言う,いう,하다,Genki Genki_Ln.8 JLPT JLPT_5 JLPT_N5,iurNhMLEpv
家,いえ,집구석,Genki Genki_Ln.3 JLPT JLPT_2 JLPT_3 JLPT_5 JLPT_N5,QGc`#y1e97
いかが,いかが,"상대의 기분·의견 등을 묻는 말, 어떻게",JLPT JLPT_5 JLPT_N5,r5L~xW!JP9
行く,いく; ゆく,가다,JLPT JLPT_5 JLPT_N5,kJnXhXxW0)
いくつ,いくつ,몇,JLPT JLPT_3 JLPT_5 JLPT_N5,mxf9)ZwbLi
いくら,いくら,백날,Genki Genki_Ln.2 JLPT JLPT_3 JLPT_5 JLPT_N5,G7]VF2LkZL
池,いけ,연못,JLPT JLPT_5 JLPT_N5,"u8]?l[G,7&"
医者,いしゃ,의사,Genki Genki_Ln.1 Genki_Ln.10 Intermediate_Japanese Intermediate_Japanese_Ln.12 JLPT JLPT_5 JLPT_N5,"f&|8.,xzY9"
椅子,いす,의자,JLPT JLPT_3 JLPT_5 JLPT_N5,Nxw^e{dZp(
忙しい,いそがしい,바쁘다,Genki Genki_Ln.5 JLPT JLPT_5 JLPT_N5,pTORshR]m|
痛い,いたい,아리다,Genki Genki_Ln.12 Intermediate_Japanese Intermediate_Japanese_Ln.5 JLPT JLPT_5 JLPT_N5,O@@jk^&oQ8
一,いち,하나,JLPT JLPT_3 JLPT_5 JLPT_N5,C57gy_Lcmo
一日,いちにち,하루,Genki Genki_Ln.13 JLPT JLPT_5 JLPT_N5,Q/Fb^F]yhk
一番,いちばん,가장,Genki Genki_Ln.10 Intermediate_Japanese Intermediate_Japanese_Ln.3 JLPT JLPT_3 JLPT_5 JLPT_N5,y&ds7j((mb
いつ,いつ,언제,Genki Genki_Ln.3 JLPT JLPT_2 JLPT_5 JLPT_N5,oGX1~x%YQo
五日,いつか,닷새,Genki Genki_Ln.13 JLPT JLPT_3 JLPT_5 JLPT_N5,iii]i;bYjg
一緒,いっしょ,함께,Intermediate_Japanese Intermediate_Japanese_Ln.7 JLPT JLPT_5 JLPT_N5,D>uK5dFJy^
五つ,いつつ,다섯,Genki Genki_Ln.9 JLPT JLPT_5 JLPT_N5,Q!*H:Q_rHO
いつも,いつも,"항상, 항시",Genki Genki_Ln.12 JLPT JLPT_3 JLPT_5 JLPT_N5,BM|Xrf53.p
犬,いぬ,개,Genki Genki_Ln.4 JLPT JLPT_5 JLPT_N5,"ktH(<>,fX+"
今,いま,지금,Genki Genki_Ln.1 JLPT JLPT_3 JLPT_5 JLPT_N5,N{Ld-iFO]H
意味,いみ,의미,Genki Genki_Ln.12 Intermediate_Japanese Intermediate_Japanese_Ln.2 JLPT JLPT_5 JLPT_N5,xQ(-U#d9Tp
妹,いもうと,여동생,Genki Genki_Ln.1 Genki_Ln.7 JLPT JLPT_5 JLPT_N5,BL_XI^txw+
嫌,いや,질색,JLPT JLPT_3 JLPT_5 JLPT_N5,pj6@51cCNZ
入口,いりぐち,들머리,JLPT JLPT_5 JLPT_N5,"E5~,8$6,oj"
居る,いる,"있다, 존재하다",JLPT JLPT_5 JLPT_N5,wfzvV]4NOO
要る,いる,필요하다,JLPT JLPT_5 JLPT_N5,j|TF$iBC;9
入れる,いれる,집어넣다,JLPT JLPT_5 JLPT_N5,swmy/(v]Eb
色,いろ,색깔,Genki Genki_Ln.9 Intermediate_Japanese Intermediate_Japanese_Ln.9 JLPT JLPT_5 JLPT_N5,"Epa;v6=%P,"
色々,いろいろ,다양한,JLPT JLPT_5 JLPT_N5,jV7cB[WgxE
上,うえ,위,JLPT JLPT_2 JLPT_5 JLPT_N5,"j3j@,T!uH>"
後ろ,うしろ,"뒷면, 뒷부분",JLPT JLPT_3 JLPT_5 JLPT_N5,s:DnwS1iNM
薄い,うすい,"묽다, 얇다",JLPT JLPT_3 JLPT_5 JLPT_N5,pRrb<$bzH|
歌,うた,노래,Genki Genki_Ln.7 JLPT JLPT_5 JLPT_N5,JJN9**Hn8A
歌う,うたう,노래하다,Genki Genki_Ln.7 Intermediate_Japanese Intermediate_Japanese_Ln.7 JLPT JLPT_5 JLPT_N5,AN4yH;7MHR
うち,うち,(간사이 방언에서) 여성이나 어린 아이가 스스로를 가리키는 1인칭 대명사 단·복수; 집,Genki Genki_Ln.3 JLPT JLPT_3 JLPT_5 JLPT_N5,u5l2?%hKEd
生まれる,うまれる,태어나다,JLPT JLPT_3 JLPT_5 JLPT_N5,i{d6CiQ#iK
海,うみ,바다,Genki Genki_Ln.5 JLPT JLPT_5 JLPT_N5,Cla&e~|Y6P
売る,うる,팔다,Genki Genki_Ln.15 Intermediate_Japanese Intermediate_Japanese_Ln.6 JLPT JLPT_3 JLPT_5 JLPT_N5,nqk=gYOr|$
うるさい,うるさい,시끄럽다,Genki Genki_Ln.22 JLPT JLPT_3 JLPT_5 JLPT_N5,fsH/V)BWD4
上着,うわぎ,"웃통, 윗도리",JLPT JLPT_5 JLPT_N5,nv?u]<OhhN
絵,え,그림,Genki Genki_Ln.15 JLPT JLPT_3 JLPT_5 JLPT_N5,E6H3mWmPF1
映画,えいが,영화,Genki Genki_Ln.3 Intermediate_Japanese Intermediate_Japanese_Ln.7 JLPT JLPT_5 JLPT_N5,Q842_8x`<%
映画館,えいがかん,영화관,Genki Genki_Ln.15 JLPT JLPT_5 JLPT_N5,tKa%gU>tYk
英語,えいご,영어,Genki Genki_Ln.1 JLPT JLPT_5 JLPT_N5,l~kTfp|Na~
ええ,ええ,응,Genki Genki_Ln.1 JLPT JLPT_5 JLPT_N5,K4f;DsCIdC
駅,えき,역,Genki Genki_Ln.10 JLPT JLPT_5 JLPT_N5,EP[wTa2Y![
エレベーター,エレベーター,엘리베이터,JLPT JLPT_2 JLPT_5 JLPT_N5,GomZ-xrho6
～円,～えん,엔,JLPT JLPT_5 JLPT_N5,"rY,[_6)@&p"
鉛筆,えんぴつ,연필,Genki Genki_Ln.2 JLPT JLPT_5 JLPT_N5,ArKUTnLoi2
お～,お～,존경·공손을 나타내는 접두어,JLPT JLPT_5 JLPT_N5,Q1z/@I6[X=
美味しい,おいしい,맛있다,JLPT JLPT_5 JLPT_N5,f%Oz)hC{aH
多い,おおい,많다,Intermediate_Japanese Intermediate_Japanese_Ln.1 JLPT JLPT_5 JLPT_N5,CS_ZJ+i5[)
大きい,おおきい,크다,Genki Genki_Ln.5 JLPT JLPT_5 JLPT_N5,N*s[nF-<Om
大きな,おおきな,큰,JLPT JLPT_5 JLPT_N5,"C@,$F5(H&S"
大勢,おおぜい,많은 사람,JLPT JLPT_5 JLPT_N5,d_f[=H{F{<
お母さん,おかあさん,어머니,Genki Genki_Ln.1 Genki_Ln.2 JLPT JLPT_5 JLPT_N5,JmU7?0Aw7)
お菓子,おかし,과자,Genki Genki_Ln.11 JLPT JLPT_5 JLPT_N5,iY2$$8!fW<
お金,おかね,돈,Genki Genki_Ln.6 JLPT JLPT_5 JLPT_N5,uh%`nh}D?M
起きる,おきる,일어나다,Genki Genki_Ln.3 Intermediate_Japanese Intermediate_Japanese_Ln.12 JLPT JLPT_3 JLPT_5 JLPT_N5,i~#f<a525w
置く,おく,두다,Genki Genki_Ln.21 JLPT JLPT_3 JLPT_5 JLPT_N5,"KTJ,/<Sfw7"
奥さん,おくさん,"사모님, 안주인",Genki Genki_Ln.14 Intermediate_Japanese Intermediate_Japanese_Ln.9 JLPT JLPT_5 JLPT_N5,raj<Z6u7R]
お酒,おさけ,술,Genki Genki_Ln.3 JLPT JLPT_5 JLPT_N5,BPnYG]G`g3
お皿,おさら,"접시, 그릇",JLPT JLPT_5 JLPT_N5,"lNBs!SV,D!"
伯父; 叔父さん,おじさん,"삼촌, 아저씨",JLPT JLPT_5 JLPT_N5,s$4&3o9W|{
おじいさん,おじいさん,할아버지,Genki Genki_Ln.13 JLPT JLPT_3 JLPT_5 JLPT_N5,OnBGSorIYO
教える,おしえる,가르치다,Intermediate_Japanese Intermediate_Japanese_Ln.1 JLPT JLPT_5 JLPT_N5,&(rx8HabP
押す,おす,누르다,Genki Genki_Ln.18 JLPT JLPT_5 JLPT_N5,O7S.k1^4+9
遅い,おそい,늦다,Genki Genki_Ln.10 Intermediate_Japanese Intermediate_Japanese_Ln.11 JLPT JLPT_5 JLPT_N5,e`TVG4aTiS
お茶,おちゃ,차,Genki Genki_Ln.3 Intermediate_Japanese Intermediate_Japanese_Ln.6 JLPT JLPT_5 JLPT_N5,"o|6tDcd,cL"
お手洗い,おてあらい,화장실,Genki Genki_Ln.2 Intermediate_Japanese Intermediate_Japanese_Ln.13 JLPT JLPT_5 JLPT_N5,jX+//z~!X8
お父さん,おとうさん,아빠,Genki Genki_Ln.1 Genki_Ln.2 JLPT JLPT_5 JLPT_N5,Kh?V(6)C|2
弟,おとうと,남동생,Genki Genki_Ln.1 Genki_Ln.7 JLPT JLPT_5 JLPT_N5,"ht,o]F,GkV"
男,おとこ,남자,Genki Genki_Ln.17 JLPT JLPT_5 JLPT_N5,QC9-<k]D|G
男の子,おとこのこ,"사내아이, 사내애",Genki Genki_Ln.11 JLPT JLPT_5 JLPT_N5,mDCUq=3c&Y
一昨日,おととい,그저께,Genki Genki_Ln.19 JLPT JLPT_5 JLPT_N5,n^WNNS^t5D
おととし,おととし,재작년,JLPT JLPT_5 JLPT_N5,"i$lVvl^Y,~"
大人,おとな,"대인, 어른",Genki Genki_Ln.13 JLPT JLPT_5 JLPT_N5,F~j9Wag0^x
お腹,おなか,속,JLPT JLPT_3 JLPT_5 JLPT_N5,GVf+XC=Lx4
同じ,おなじ,"한가지, 마찬가지",Genki Genki_Ln.14 Intermediate_Japanese Intermediate_Japanese_Ln.1 JLPT JLPT_5 JLPT_N5,FT1U+`d~$u
お兄さん,おにいさん,오라버니,Genki Genki_Ln.1 Genki_Ln.7 Intermediate_Japanese Intermediate_Japanese_Ln.4 JLPT JLPT_5 JLPT_N5,c-e]c9shpL
お姉さん,おねえさん,언니,Genki Genki_Ln.1 Genki_Ln.7 JLPT JLPT_5 JLPT_N5,"Q,2s6~F,9F"
伯母さん; 叔母さん,おばさん,"이모·고모·숙모, 아주머니",JLPT JLPT_5 JLPT_N5,fk]_fvvw.h
おばあさん,おばあさん,할머니,Genki Genki_Ln.6 JLPT JLPT_5 JLPT_N5,K7L64Zdx7D
お風呂,おふろ,욕실,JLPT_N5,btJ^oH!>Ob
お弁当,おべんとう,도시락,Genki Genki_Ln.9 JLPT JLPT_5 JLPT_N5,ou=Mxez95b
覚える,おぼえる,기억하다,Intermediate_Japanese Intermediate_Japanese_Ln.2 JLPT JLPT_5 JLPT_N5,k*NiP6Je8n
おまわりさん,おまわりさん,경찰 아저씨,JLPT JLPT_5 JLPT_N5,kI/erxg?st
重い,おもい,"크다, 무겁다",Genki Genki_Ln.20 JLPT JLPT_3 JLPT_5 JLPT_N5,n(}tZ@Uv29
面白い,おもしろい,재미있다,Genki Genki_Ln.5 Intermediate_Japanese Intermediate_Japanese_Ln.4 JLPT JLPT_5 JLPT_N5,"J&$%9x,#?>"
泳ぐ,およぐ,수영하다,Genki Genki_Ln.5 JLPT JLPT_5 JLPT_N5,bxmTHH/R3s
降りる,おりる,내리다,JLPT JLPT_3 JLPT_5 JLPT_N5,hM4FhZWg_/
終る,おわる,끝나다,JLPT JLPT_5 JLPT_N5,D_J6!H@vf*
音楽,おんがく,음악,Genki Genki_Ln.3 Intermediate_Japanese Intermediate_Japanese_Ln.3 JLPT JLPT_5 JLPT_N5,fcOO[?V993
女,おんな,여,Genki Genki_Ln.17 JLPT JLPT_5 JLPT_N5,d3!7^Z7+&i
女の子,おんなのこ,"계집아이, 계집애",Genki Genki_Ln.11 JLPT JLPT_5 JLPT_N5,n^ma[3kYmi
～回,～かい,차례,JLPT JLPT_1 JLPT_5 JLPT_N5,dwW`SX||PF
～階,～かい,층,JLPT JLPT_4 JLPT_5 JLPT_N5,x]4mRhDP?0
外国,がいこく,"해외, 외국",Genki Genki_Ln.11 Intermediate_Japanese Intermediate_Japanese_Ln.6 JLPT JLPT_5 JLPT_N5,K:<1s^}$O$
外国人,がいこくじん,외국인,Genki Genki_Ln.15 JLPT JLPT_5 JLPT_N5,mxObbkK7.-
会社,かいしゃ,회사,Genki Genki_Ln.7 JLPT JLPT_5 JLPT_N5,owc{ezB4?4
階段,かいだん,"층층다리, 층층대",JLPT JLPT_5 JLPT_N5,"ui<=#{,<U^"
買い物,かいもの,쇼핑,Genki Genki_Ln.4 JLPT JLPT_5 JLPT_N5,uV:`-T%Eq~
買う,かう,"팔다, 팔아먹다",JLPT JLPT_3 JLPT_5 JLPT_N5,Q.3jlQZyvW
返す,かえす,답례하다,JLPT JLPT_3 JLPT_5 JLPT_N5,b+[+YOY+dv
帰る,かえる,"돌아가다, 되돌아가다",Intermediate_Japanese Intermediate_Japanese_Ln.1 JLPT JLPT_3 JLPT_5 JLPT_N5,HBCAN.he?j
顔,かお,"낯, 낯짝",Genki Genki_Ln.10 Intermediate_Japanese Intermediate_Japanese_Ln.2 JLPT JLPT_3 JLPT_5 JLPT_N5,MGLL{4`mK@
かかる,かかる,관계되다; 걸리다,Genki Genki_Ln.10 Intermediate_Japanese Intermediate_Japanese_Ln.1 JLPT JLPT_3 JLPT_5 JLPT_N5,yajlZ<1W@=
鍵,かぎ,열쇠,Genki Genki_Ln.17 JLPT JLPT_3 JLPT_5 JLPT_N5,CBifo1C?=d
書く,かく,쓰다,JLPT JLPT_3 JLPT_5 JLPT_N5,ytOa}oy+zO
学生,がくせい,학생,Genki Genki_Ln.1 JLPT JLPT_5 JLPT_N5,"JC,(K4dD=="
～か月,～かげつ,~개월,JLPT JLPT_5 JLPT_N5,p^^qFJHF)[
掛ける,かける,걸다,JLPT JLPT_3 JLPT_4 JLPT_5 JLPT_N5,J@I.fZoEvE
かける,かける,"걸다, 내기하다",Genki Genki_Ln.19 JLPT JLPT_3 JLPT_4 JLPT_5 JLPT_N5,j[@hZ&;%2u
傘,かさ,우산,Genki Genki_Ln.2 JLPT JLPT_5 JLPT_N5,p_LV=Cf?pc
貸す,かす,빌려주다,Intermediate_Japanese Intermediate_Japanese_Ln.3 JLPT JLPT_5 JLPT_N5,yag&XA]F86
風,かぜ,"바람, 바람결",Genki Genki_Ln.22 JLPT JLPT_5 JLPT_N5,wPz(SGuAqF
風邪,かぜ,감기,Genki Genki_Ln.12 JLPT JLPT_5 JLPT_N5,"G#zadB[Bd,"
方,かた,분,Intermediate_Japanese Intermediate_Japanese_Ln.4 JLPT JLPT_3 JLPT_4 JLPT_5 JLPT_N5,GtdTiap.Os
家族,かぞく,가족,Genki Genki_Ln.7 Intermediate_Japanese Intermediate_Japanese_Ln.1 JLPT JLPT_5 JLPT_N5,jwBW:Yf?[N
片仮名,かたかな,가타카나,JLPT JLPT_5 JLPT_N5,y%B]18.T{|
～月,～がつ,월,JLPT JLPT_5 JLPT_N5,x[qBqm:mer
学校,がっこう,학교,Genki Genki_Ln.3 JLPT JLPT_5 JLPT_N5,jMUlk]n4bL
カップ,カップ,컵,JLPT JLPT_1 JLPT_5 JLPT_N5,N>J.3DDIIf
家庭,かてい,가정,Intermediate_Japanese Intermediate_Japanese_Ln.3 JLPT JLPT_3 JLPT_5 JLPT_N5,K=/LkA^bE5
角,かど,"코너, 각",Genki Genki_Ln.20 JLPT JLPT_5 JLPT_N5,NblB:vgsi`
かばん,かばん,가방,Genki Genki_Ln.2 JLPT JLPT_5 JLPT_N5,M4T~@ehWYB
花瓶,かびん,꽃병,JLPT JLPT_5 JLPT_N5,m<:4xC~U|%
かぶる,かぶる,덮어쓰다,Genki Genki_Ln.7 JLPT JLPT_3 JLPT_5 JLPT_N5,"v~,/++9.ks"
紙,かみ,종이,Genki Genki_Ln.17 JLPT JLPT_3 JLPT_5 JLPT_N5,BZj5w]P?W@
カメラ,カメラ,카메라,Genki Genki_Ln.8 JLPT JLPT_5 JLPT_N5,m@gkXGnk1!
火曜日,かようび,화요일,Genki Genki_Ln.4 JLPT JLPT_5 JLPT_N5,rx9;D%FE+1
辛い,からい,맵다,Genki Genki_Ln.13 JLPT JLPT_5 JLPT_N5,EjaGe<]5<&
体,からだ,"몸, 몸뚱이",Genki Genki_Ln.23 Intermediate_Japanese Intermediate_Japanese_Ln.4 JLPT JLPT_5 JLPT_N5,x=d[R_7msH
借りる,かりる,빌리다,JLPT JLPT_5 JLPT_N5,EV_.CiOUqY
～がる,～がる,하다,JLPT JLPT_5 JLPT_N5,e--3P:#0au
軽い,かるい,"가볍다, 경미하다",JLPT JLPT_5 JLPT_N5,"Q?,F=N/]i*"
カレー,カレー,카레,Genki Genki_Ln.13 JLPT JLPT_1 JLPT_5 JLPT_N5,l)iLA}_6t!
カレンダー,カレンダー,달력,JLPT JLPT_5 JLPT_N5,"H,vNs@Ml~$"
川; 河,かわ,강,JLPT JLPT_3 JLPT_5 JLPT_N5,QzV_(D2VAO
～側,～がわ,쪽,JLPT_N5,ks2wGx4U0-
可愛い,かわいい,귀엽다,JLPT JLPT_5 JLPT_N5,"cM$xbG,Do&"
漢字,かんじ,한자,Genki Genki_Ln.6 Intermediate_Japanese Intermediate_Japanese_Ln.4 JLPT JLPT_3 JLPT_5 JLPT_N5,"yx;[,(ZC<M"
木,き,나무,Genki Genki_Ln.22 JLPT JLPT_5 JLPT_N5,"Pt,~h2%O9J"
黄色,きいろ,노란색,JLPT JLPT_5 JLPT_N5,c$:@4*e3c*
黄色い,きいろい,노랗다,JLPT JLPT_5 JLPT_N5,yw~rIwG)7I
消える,きえる,없어지다,Genki Genki_Ln.18 JLPT JLPT_5 JLPT_N5,Hl(tY84I}b
聞く,きく,"듣다, 묻다",JLPT JLPT_3 JLPT_5 JLPT_N5,CbCe+?lSS(
北,きた,북쪽,Intermediate_Japanese Intermediate_Japanese_Ln.10 JLPT JLPT_5 JLPT_N5,c_4*(T~qY|
ギター,ギター,기타,Genki Genki_Ln.9 JLPT JLPT_5 JLPT_N5,gl.RMMgxvn
汚い,きたない,"추잡스럽다, 추잡하다",Genki Genki_Ln.16 JLPT JLPT_5 JLPT_N5,gA&c1.)X%=
喫茶店,きっさてん,다방,Genki Genki_Ln.2 Intermediate_Japanese Intermediate_Japanese_Ln.11 JLPT JLPT_5 JLPT_N5,b3?(}lhy[4
切手,きって,우표,Genki Genki_Ln.5 Intermediate_Japanese Intermediate_Japanese_Ln.3 JLPT JLPT_5 JLPT_N5,GZ2eU+7^)f
切符,きっぷ,"표, 딱지",Genki Genki_Ln.5 Intermediate_Japanese Intermediate_Japanese_Ln.10 JLPT JLPT_5 JLPT_N5,i@ntG+Gt0l
昨日,きのう,어제,Genki Genki_Ln.4 JLPT JLPT_3 JLPT_5 JLPT_N5,"mMKJxv#,<s"
九,きゅう,구,JLPT JLPT_3 JLPT_5 JLPT_N5,PCz+i!/c^t
牛肉,ぎゅうにく,소고기,JLPT JLPT_5 JLPT_N5,"HN>QIS,sa)"
牛乳,ぎゅうにゅう,우유,Genki Genki_Ln.18 JLPT JLPT_5 JLPT_N5,fkn+n(t~hl
今日,きょう,오늘,Genki Genki_Ln.3 JLPT JLPT_5 JLPT_N5,bCP{!%CS>.
教室,きょうしつ,교실,Intermediate_Japanese Intermediate_Japanese_Ln.3 JLPT JLPT_5 JLPT_N5,jd>*%:rgPV
兄弟,きょうだい,형제,Genki Genki_Ln.7 JLPT JLPT_5 JLPT_N5,tg~Kr0A/Mn
去年,きょねん,작년,Genki Genki_Ln.14 Intermediate_Japanese Intermediate_Japanese_Ln.1 JLPT JLPT_5 JLPT_N5,zrXmT>AI2s
嫌い,きらい,"싫음, 싫어함",JLPT JLPT_5 JLPT_N5,"qw1}y,Um4C"
切る,きる,끊다,Genki Genki_Ln.8 Intermediate_Japanese Intermediate_Japanese_Ln.12 JLPT JLPT_5 JLPT_N5,A;e]B2v]77
着る,きる,입다,Genki Genki_Ln.7 Intermediate_Japanese Intermediate_Japanese_Ln.9 JLPT JLPT_5 JLPT_N5,g$-Eqb.V#N
綺麗,きれい,"예쁜, 깨끗한, 단정한",JLPT JLPT_5 JLPT_N5,y:f/R>36c4
キロ; キログラム,キロ; キログラム,(약어) 킬로그램,JLPT JLPT_3 JLPT_5 JLPT_N5,"v,MI,fa=Pd"
キロ; キロメートル,キロ; キロメートル,(약어) 킬로미터,JLPT JLPT_3 JLPT_5 JLPT_N5,I+%u|o<M9)
銀行,ぎんこう,은행,Genki Genki_Ln.2 JLPT JLPT_5 JLPT_N5,dJzM6E^Crr
金曜日,きんようび,금요일,Genki Genki_Ln.4 JLPT JLPT_3 JLPT_5 JLPT_N5,H)-<3>G;wq
九,く,"아홉, 구(9)",JLPT JLPT_3 JLPT_5 JLPT_N5,J.@??p5!Es
薬,くすり,약,Genki Genki_Ln.9 Intermediate_Japanese Intermediate_Japanese_Ln.12 JLPT JLPT_5 JLPT_N5,e<qA>@afcN
下さい,ください,~해 주세요,JLPT JLPT_5 JLPT_N5,wZXS53y~A
果物,くだもの,실과,Intermediate_Japanese Intermediate_Japanese_Ln.9 JLPT JLPT_5 JLPT_N5,"ff8}}%,}l0"
口,くち,"말문, 아가리",Intermediate_Japanese Intermediate_Japanese_Ln.11 Intermediate_Japanese_Ln.8 JLPT JLPT_5 JLPT_N5,ODcS@5Ag5;
靴,くつ,구두,Genki Genki_Ln.2 JLPT JLPT_5 JLPT_N5,n}XPqtAFrb
靴下,くつした,양말,Genki Genki_Ln.23 JLPT JLPT_5 JLPT_N5,"m{wv6,~qH4"
国,くに,고향,Genki Genki_Ln.7 JLPT JLPT_5 JLPT_N5,qu43})1T{b
曇り,くもり,"흐림, 흐린 날씨",Genki Genki_Ln.12 JLPT JLPT_3 JLPT_5 JLPT_N5,"J%t?_,0ZZ)"
曇る,くもる,흐려지다,JLPT JLPT_5 JLPT_N5,h68<#-5u4*
暗い,くらい,어둡다,JLPT JLPT_3 JLPT_5 JLPT_N5,l[W6inIL/c
～くらい; ぐらい,～くらい; ぐらい,"~정도, ~쯤",JLPT JLPT_5 JLPT_N5,i|aE4l1U6h
クラス,クラス,학급,Genki Genki_Ln.4 JLPT JLPT_5 JLPT_N5,I|[#&/BoM*
グラム,グラム,그램,JLPT JLPT_5 JLPT_N5,wf@~Kdx9Mo
来る,くる,오다,JLPT JLPT_5 JLPT_N5,t8%I(!NKuq
車,くるま,차,Genki Genki_Ln.7 JLPT JLPT_5 JLPT_N5,Dp50G3U@L=
黒,くろ,"흑, 검정",JLPT JLPT_5 JLPT_N5,eM3bqzySWE
黒い,くろい,검다,Genki Genki_Ln.9 JLPT JLPT_5 JLPT_N5,y`TB7E}KvC
警官,けいかん,경찰관,JLPT JLPT_5 JLPT_N5,r|k<lg[-^X
今朝,けさ,오늘아침,Genki Genki_Ln.8 Intermediate_Japanese Intermediate_Japanese_Ln.2 JLPT JLPT_5 JLPT_N5,Ojh!YT%>_O
消す,けす,끄다,JLPT JLPT_5 JLPT_N5,kyBQ8>]kOz
結構,けっこう,썩,JLPT JLPT_3 JLPT_5 JLPT_N5,OhYc[d+;sX
結婚,けっこん (する),결혼,JLPT JLPT_5 JLPT_N5,yoFb9mQ>xx
月曜日,げつようび,월요일,Genki Genki_Ln.4 JLPT JLPT_3 JLPT_5 JLPT_N5,py]#+qmS;#
玄関,げんかん,현관,Intermediate_Japanese Intermediate_Japanese_Ln.5 JLPT JLPT_4 JLPT_5 JLPT_N5,nzna3U1d%4
元気,げんき,"건강한, 기운, 기력",JLPT JLPT_5 JLPT_N5,C6oDoveAM%
～個,～こ,알,JLPT JLPT_2 JLPT_5 JLPT_N5,"L)v,!KJ|+1"
五,ご,다섯,JLPT JLPT_3 JLPT_5 JLPT_N5,CPX]&C<[AA
～語,～ご,-어,JLPT JLPT_5 JLPT_N5,OS-NJNma:q
公園,こうえん,공원,Genki Genki_Ln.4 JLPT JLPT_3 JLPT_5 JLPT_N5,"I!nU=ub,Sv"
交差点,こうさてん,교차점,JLPT JLPT_5 JLPT_N5,fB2Ek#M/vd
紅茶,こうちゃ,홍차,Genki Genki_Ln.13 JLPT JLPT_5 JLPT_N5,k->[;qN`>7
交番,こうばん,파출소,JLPT JLPT_5 JLPT_N5,Opg/[%q+N8
声,こえ,목소리,Intermediate_Japanese Intermediate_Japanese_Ln.2 JLPT JLPT_5 JLPT_N5,In/Jo>[]?<
コート,コート,코트,JLPT JLPT_5 JLPT_N5,"e4scbA,t~J"
コーヒー,コーヒー,커피,Genki Genki_Ln.3 JLPT JLPT_5 JLPT_N5,d<P1^SSa-:
ここ,ここ,여기,Genki Genki_Ln.4 JLPT JLPT_3 JLPT_5 JLPT_N5,Lq)wtpkam*
午後,ごご,오후,Genki Genki_Ln.1 JLPT JLPT_5 JLPT_N5,C_ZC&#?>G!
九日,ここのか,아흐레,Genki Genki_Ln.13 JLPT JLPT_5 JLPT_N5,l7hYJ[~^44
九つ,ここのつ,아홉 개,Genki Genki_Ln.9 JLPT JLPT_5 JLPT_N5,DvF}1X8pH=
午前,ごぜん,오전,Genki Genki_Ln.1 JLPT JLPT_5 JLPT_N5,ue~BwANA9n
答える,こたえる,"대답하다, 답하다",JLPT JLPT_5 JLPT_N5,x<$h-)|1km
こちら,こちら,요쪽,Genki Genki_Ln.11 Genki_Ln.19 JLPT JLPT_5 JLPT_N5,A^:pzWeFGD
こっち,こっち,"요리요리, 요쪽",JLPT JLPT_4 JLPT_5 JLPT_N5,KZ(~KRGBCG
コップ,コップ,컵,Genki Genki_Ln.14 JLPT JLPT_5 JLPT_N5,fS_r5k@$Y6
今年,ことし,"금년, 올",Genki Genki_Ln.10 JLPT JLPT_5 JLPT_N5,F4V9w7@Age
言葉,ことば,말,Genki Genki_Ln.13 Intermediate_Japanese Intermediate_Japanese_Ln.2 JLPT JLPT_5 JLPT_N5,EWtR7eO/R4
子供,こども,아이,Genki Genki_Ln.4 Intermediate_Japanese Intermediate_Japanese_Ln.2 JLPT JLPT_5 JLPT_N5,CU[{wZ(D{$
この,この,"본, 요",JLPT JLPT_3 JLPT_5 JLPT_N5,pPsd:zD9O?
御飯,ごはん,. 밥(정중한 말씨),Genki Genki_Ln.4 JLPT JLPT_5 JLPT_N5,biiyLkNokP
コピーする,コピーする,복사하다,JLPT JLPT_3 JLPT_5 JLPT_N5,pIfdJ-gQ=x
困る,こまる,"어려움을 겪다, 시달리다",Genki Genki_Ln.16 JLPT JLPT_5 JLPT_N5,QJ1l#P3oS5
これ,これ,이것,Genki Genki_Ln.2 JLPT JLPT_5 JLPT_N5,CY7%/#&PC;
～ころ; ～ごろ,～ころ; ～ごろ,~쯤(시간),JLPT JLPT_5 JLPT_N5,ygFZGug3gm
今月,こんげつ,이달,Genki Genki_Ln.8 JLPT JLPT_5 JLPT_N5,m1R02~~j[
今週,こんしゅう,금주,Genki Genki_Ln.6 JLPT JLPT_5 JLPT_N5,DK9g?(!36`
こんな,こんな,이런,JLPT JLPT_5 JLPT_N5,DuEU98EMih
今晩,こんばん,오늘밤,Genki Genki_Ln.3 Intermediate_Japanese Intermediate_Japanese_Ln.1 JLPT JLPT_5 JLPT_N5,F3};?W>+5Y
さあ,さあ,"글쎄, 글쎄다",JLPT JLPT_5 JLPT_N5,Ag`@=t><OI
～歳,～さい,살,JLPT JLPT_2 JLPT_5 JLPT_N5,yIt4LQzbb!
財布,さいふ,지갑,Genki Genki_Ln.2 Intermediate_Japanese Intermediate_Japanese_Ln.4 JLPT JLPT_5 JLPT_N5,xwbRMO4c<;
魚,さかな,고기,Genki Genki_Ln.2 JLPT JLPT_5 JLPT_N5,zzI@?Uq@Z[
先,さき,앞,JLPT JLPT_5 JLPT_N5,tGm0X7=@hF
咲く,さく,발하다,Genki Genki_Ln.18 JLPT JLPT_3 JLPT_5 JLPT_N5,F>Pt~gStbR
作文,さくぶん,작문,Genki Genki_Ln.9 JLPT JLPT_5 JLPT_N5,fOn$od$Eoc
差す,さす,쓰다,JLPT JLPT_3 JLPT_5 JLPT_N5,b|c|&{UKxH
～冊,～さつ,~권,JLPT JLPT_5 JLPT_N5,DJ:3n{-XN%
雑誌,ざっし,"잡지, 잡지책",Genki Genki_Ln.3 Intermediate_Japanese Intermediate_Japanese_Ln.8 JLPT JLPT_5 JLPT_N5,gVzfIhXfBF
砂糖,さとう,설탕,Genki Genki_Ln.16 JLPT JLPT_5 JLPT_N5,M]8mQGX#}E
寒い,さむい,춥다,Genki Genki_Ln.5 Intermediate_Japanese Intermediate_Japanese_Ln.2 JLPT JLPT_5 JLPT_N5,x@[mMxA?Z}
さ来年,さらいねん,다다음 해,JLPT JLPT_5 JLPT_N5,C4/Z2oi:V>
～さん,～さん,씨,JLPT JLPT_2 JLPT_5 JLPT_N5,i|L#.MVmNG
三,さん,"삼, 서",JLPT JLPT_5 JLPT_N5,jB}%X}YQ)P
散歩,さんぽ (する),"산보, 산책",JLPT JLPT_3 JLPT_5 JLPT_N5,C7E%FY>8|T
四,し,"사, 넷(4)",JLPT JLPT_3 JLPT_5 JLPT_N5,q%G#*K^0R+
～時,～じ,시,JLPT JLPT_1 JLPT_5 JLPT_N5,m]7PVW-h[^
塩,しお,소금,JLPT JLPT_5 JLPT_N5,mQXb>=tTk}
しかし,しかし,"하지만, 그러나",Intermediate_Japanese Intermediate_Japanese_Ln.3 JLPT JLPT_5 JLPT_N5,g2(en9wt=#
時間,じかん,시간,Genki Genki_Ln.14 JLPT JLPT_2 JLPT_5 JLPT_N5,rl<d#jP#zf
～時間,～じかん,시간,JLPT JLPT_5 JLPT_N5,PfD-$$uDhD
仕事,しごと,"밥거리, 일감",Genki Genki_Ln.1 Genki_Ln.8 JLPT JLPT_5 JLPT_N5,BpR$XStq*~
辞書,じしょ,사전,Genki Genki_Ln.2 JLPT JLPT_5 JLPT_N5,Ls?+XP<x!7
静か,しずか,조용한,JLPT JLPT_5 JLPT_N5,P>BDZl[pK4
下,した,아래,JLPT JLPT_3 JLPT_5 JLPT_N5,j8V7%&V*V9
七,しち,"일곱, 칠(7)",JLPT JLPT_3 JLPT_5 JLPT_N5,d9Ei.i(]l3
質問,しつもん,질문,Intermediate_Japanese Intermediate_Japanese_Ln.2 JLPT JLPT_5 JLPT_N5,hbG&tzjk([
自転車,じてんしゃ,자전거,Genki Genki_Ln.2 JLPT JLPT_5 JLPT_N5,cQ/jE!IBMW
自動車,じどうしゃ,자동차,JLPT JLPT_5 JLPT_N5,s>B81r@vvP
死ぬ,しぬ,죽다,Genki Genki_Ln.6 JLPT JLPT_5 JLPT_N5,DTv8zMSE:A
字引,じびき,사전,JLPT JLPT_5 JLPT_N5,"q(KV,tLbs@"
自分,じぶん,자신,Genki Genki_Ln.17 Intermediate_Japanese Intermediate_Japanese_Ln.1 JLPT JLPT_5 JLPT_N5,PVgO:!yY%&
閉まる,しまる,닫히다,JLPT JLPT_5 JLPT_N5,gcQz%z-FEM
閉める,しめる,닫치다,JLPT JLPT_3 JLPT_5 JLPT_N5,gf.^6?5[K1
締める,しめる,조르다,JLPT JLPT_3 JLPT_5 JLPT_N5,zslBUbe/:)
じゃ; じゃあ,じゃ; じゃあ,"그럼, 그럼",JLPT JLPT_3 JLPT_5 JLPT_N5,I*;H$6{i?j
写真,しゃしん,사진,Genki Genki_Ln.4 Intermediate_Japanese Intermediate_Japanese_Ln.4 JLPT JLPT_5 JLPT_N5,uE&XA7mYm9
シャツ,シャツ,셔츠,Genki Genki_Ln.10 JLPT JLPT_5 JLPT_N5,ubVcrQ$8%@
シャワー,シャワー,샤워,JLPT JLPT_5 JLPT_N5,op46S^HFU7
十,じゅう,십,JLPT JLPT_3 JLPT_5 JLPT_N5,t#RE}A*?;i
～中,～じゅう,"가운데, 안, 속; 중간. 사이",JLPT JLPT_2 JLPT_5 JLPT_N5,GjJjAMMc<N
～週間,～しゅうかん,주간,JLPT JLPT_5 JLPT_N5,B5/n=cEC&j
授業,じゅぎょう,수업,Genki Genki_Ln.11 Intermediate_Japanese Intermediate_Japanese_Ln.3 JLPT JLPT_2 JLPT_5 JLPT_N5,In^9^.q{~0
宿題,しゅくだい,숙제,Genki Genki_Ln.5 Intermediate_Japanese Intermediate_Japanese_Ln.1 JLPT JLPT_5 JLPT_N5,PE;OT+iIoY
上手,じょうず,"잘함, 능숙함",JLPT JLPT_5 JLPT_N5,zE7uPe$TPk
丈夫,じょうぶ,"건강함, 강건함. 견고함. 튼튼함",JLPT JLPT_5 JLPT_N5,"rzxPYrs,=L"
醤油,しょうゆ,왜간장,Genki Genki_Ln.18 JLPT JLPT_5 JLPT_N5,Cx=6Q3yGAf
食堂,しょくどう,식당,Genki Genki_Ln.7 JLPT JLPT_5 JLPT_N5,q/e+PknS.X
知る,しる,알다,Genki Genki_Ln.7 JLPT JLPT_5 JLPT_N5,jmoS>4h`&Q
白,しろ,하양,JLPT JLPT_3 JLPT_5 JLPT_N5,?4vV_taj)
白い,しろい,"하얗다, 희다",Genki Genki_Ln.9 JLPT JLPT_5 JLPT_N5,yL-#%FMe~@
～人,～じん,사람,JLPT JLPT_5 JLPT_N5,cRB`piJTT=
新聞,しんぶん,신문,Genki Genki_Ln.2 JLPT JLPT_5 JLPT_N5,u)<uacY_Qa
水曜日,すいようび,수요일,Genki Genki_Ln.4 JLPT JLPT_5 JLPT_N5,kl%)(*`5]a
吸う,すう,"빨다, 들이마시다",JLPT JLPT_3 JLPT_5 JLPT_N5,wwi3CXCv2|
スカート,スカート,치마,Genki Genki_Ln.18 JLPT JLPT_5 JLPT_N5,NE$eFg+K&Y
好き,すき,좋아함,JLPT JLPT_5 JLPT_N5,B}kz{&9>=0
～すぎ,～すぎ,~이 지남; 너무 ~함,JLPT JLPT_5 JLPT_N5,D/A*oT1;-^
少ない,すくない,적다,Genki Genki_Ln.17 JLPT JLPT_5 JLPT_N5,O}E#|bt5>=
すぐに,すぐに,금세,JLPT JLPT_5 JLPT_N5,c+_z#9>We^
少し,すこし,"조금, 좀",Genki Genki_Ln.21 JLPT JLPT_5 JLPT_N5,LEWblI/l<)
涼しい,すずしい,선선하다,Genki Genki_Ln.10 JLPT JLPT_5 JLPT_N5,y%0&)B2:*;
～ずつ,～ずつ,같은 분량으로 할당함: ...씩,JLPT JLPT_5 JLPT_N5,e7*dq)(1^5
ストーブ,ストーブ,난로,Genki Genki_Ln.17 JLPT JLPT_5 JLPT_N5,xw_f78(-:7
スプーン,スプーン,"숟가락, 밥숟가락",JLPT JLPT_5 JLPT_N5,FjQLk(n?P#
スポーツ,スポーツ,스포츠,Genki Genki_Ln.3 JLPT JLPT_5 JLPT_N5,F^wO!?E%?^
ズボン,ズボン,바지,JLPT JLPT_5 JLPT_N5,"FU-<z{1,6("
住む,すむ,살다,JLPT JLPT_3 JLPT_5 JLPT_N5,ym>?}%jeF+
する,する,착용하다. 차다,Genki Genki_Ln.17 JLPT JLPT_3 JLPT_5 JLPT_N5,"LT|A_z,G+T"
座る,すわる,앉다,JLPT JLPT_5 JLPT_N5,dn)bcr6wXa
背,せい,"키, 신장, (비유적으로) 높이",Intermediate_Japanese Intermediate_Japanese_Ln.4 JLPT JLPT_3 JLPT_5 JLPT_N5,xQDy{9R)S2
生徒,せいと,학생,Intermediate_Japanese Intermediate_Japanese_Ln.5 JLPT JLPT_5 JLPT_N5,c2wTXo?)*o
セーター,セーター,스웨터,Genki Genki_Ln.13 JLPT JLPT_5 JLPT_N5,NSeOhKH2D6
石鹸,せっけん,비누,JLPT JLPT_5 JLPT_N5,tY/1~r6Mz5
背広,せびろ,양복,Intermediate_Japanese Intermediate_Japanese_Ln.9 JLPT JLPT_5 JLPT_N5,w`:i7/YHYU
狭い,せまい,"작다, 잘다",Genki Genki_Ln.12 Intermediate_Japanese Intermediate_Japanese_Ln.15 JLPT JLPT_5 JLPT_N5,yDZurM]5mn
ゼロ,ゼロ,(숫자) 영,JLPT JLPT_5 JLPT_N5,G~4~zg|xJJ
千,せん,천,JLPT JLPT_5 JLPT_N5,IvU;IZmo9!
先月,せんげつ,지난달,Genki Genki_Ln.9 Intermediate_Japanese Intermediate_Japanese_Ln.1 JLPT JLPT_5 JLPT_N5,RcD!zS6[>I
先週,せんしゅう,지난주,Genki Genki_Ln.4 JLPT JLPT_5 JLPT_N5,EbyugR;^Rz
先生,せんせい,선생님,Genki Genki_Ln.1 JLPT JLPT_5 JLPT_N5,A`19t`6J6t
洗濯,せんたく,"빨래, 세탁",Intermediate_Japanese Intermediate_Japanese_Ln.11 JLPT JLPT_3 JLPT_5 JLPT_N5,vQ&mbAJqN7
全部,ぜんぶ,전부,Genki Genki_Ln.13 Intermediate_Japanese Intermediate_Japanese_Ln.3 JLPT JLPT_5 JLPT_N5,MgJu@!Fk&_
そう; そうです,そう; そうです,그래; ~인 것 같다,JLPT JLPT_5 JLPT_N5,kkfDg[|_Yb
掃除,そうじ (する),"청소하다; 청소, 소제",JLPT JLPT_3 JLPT_5 JLPT_N5,LKKhbs9g8/
そうして; そして,そうして; そして,"그리고, 그렇게 해서",JLPT JLPT_5 JLPT_N5,C/Lx0#`!+J
そこ,そこ,"거, 거기",Genki Genki_Ln.4 JLPT JLPT_2 JLPT_3 JLPT_5 JLPT_N5,v56KFY.>v@
そちら,そちら,"거, 거기",JLPT JLPT_5 JLPT_N5,xbjis~A;+*
そっち,そっち,"고쪽, 그쪽",JLPT JLPT_5 JLPT_N5,#PXdxM^5L
外,そと,바깥,Genki Genki_Ln.18 Intermediate_Japanese Intermediate_Japanese_Ln.2 JLPT JLPT_5 JLPT_N5,AFB3>g85F]
その,その,그,JLPT JLPT_3 JLPT_5 JLPT_N5,C2OIF=[)E_
そば,そば,메밀국수,Genki Genki_Ln.15 JLPT JLPT_3 JLPT_5 JLPT_N5,M)]t*`<F@c
空,そら,하늘,JLPT JLPT_5 JLPT_N5,D.6b;1{88^
それ,それ,거기,Genki Genki_Ln.2 JLPT JLPT_3 JLPT_5 JLPT_N5,t%n)3@@XX+
それから,それから,"그리고, 그러고 나서",Intermediate_Japanese Intermediate_Japanese_Ln.1 JLPT JLPT_5 JLPT_N5,sV(hn]KLzr
それでは,それでは,그럼,JLPT JLPT_5 JLPT_N5,"v[]T|jw&,["
～台,～だい,대,JLPT JLPT_5 JLPT_N5,ztM0ejgNN~
大学,だいがく,대학교,Genki Genki_Ln.1 JLPT JLPT_5 JLPT_N5,kHyc<WfmUQ
大使館,たいしかん,대사관,JLPT JLPT_5 JLPT_N5,"n?Lz{tQ,#T"
大丈夫,だいじょうぶ,걱정이 없는 모양; 훌륭한 남성,Genki Genki_Ln.5 Intermediate_Japanese Intermediate_Japanese_Ln.3 JLPT JLPT_5 JLPT_N5,nEIlSJfx#r
大好き,だいすき,많이/매우좋아하다; 많이/매우좋아함,JLPT JLPT_5 JLPT_N5,"AZ,CM~A,0E"
大切,たいせつ,"소중하다, 중요하다",JLPT JLPT_5 JLPT_N5,tu70?MYeL5
台所,だいどころ,부엌,JLPT JLPT_5 JLPT_N5,bbB25MOf:$
大変,たいへん,매우,JLPT JLPT_3 JLPT_5 JLPT_N5,NIbD<|-[1y
高い,たかい,높다,Genki Genki_Ln.2 JLPT JLPT_5 JLPT_N5,veG&GbRNS(
～だけ,～だけ,뿐,JLPT JLPT_1 JLPT_5 JLPT_N5,Lcbr*3r3b5
沢山,たくさん,많이,JLPT JLPT_5 JLPT_N5,v7m[:9zL*Y
タクシー,タクシー,택시,JLPT JLPT_5 JLPT_N5,k8!n/<-@<9
出す,だす,꺼내다,Genki Genki_Ln.16 JLPT JLPT_5 JLPT_N5,bt0(EU(<V_
～たち,～たち,~들,JLPT JLPT_5 JLPT_N5,Opbd!87m@p
立つ,たつ,서다,Genki Genki_Ln.6 JLPT JLPT_3 JLPT_5 JLPT_N5,z+IsiLqO4K
たて,たて,"세로, 높이",JLPT JLPT_3 JLPT_5 JLPT_N5,L8wVt#MfRS
建物,たてもの,건물,Intermediate_Japanese Intermediate_Japanese_Ln.5 JLPT JLPT_5 JLPT_N5,mty2M&KETp
楽しい,たのしい,즐겁다,Genki Genki_Ln.5 JLPT JLPT_5 JLPT_N5,eD~FeZpJXC
頼む,たのむ,청하다,Genki Genki_Ln.18 Intermediate_Japanese Intermediate_Japanese_Ln.3 JLPT JLPT_5 JLPT_N5,zjk+2%xAp%
たばこ,たばこ,담배,JLPT JLPT_5 JLPT_N5,y<?W4xcfCN
多分,たぶん,아마도,Genki Genki_Ln.12 Intermediate_Japanese Intermediate_Japanese_Ln.2 JLPT JLPT_3 JLPT_5 JLPT_N5,pNDK+)ARo
食べ物,たべもの,음식,Genki Genki_Ln.5 JLPT JLPT_5 JLPT_N5,ODKLC3jdI>
食べる,たべる,잡아먹다,JLPT JLPT_5 JLPT_N5,c.+pIV(7xY
卵,たまご,"계란, 알",Intermediate_Japanese Intermediate_Japanese_Ln.6 JLPT JLPT_5 JLPT_N5,c|(S)f_).K
誰,だれ,누구,Genki Genki_Ln.2 JLPT JLPT_5 JLPT_N5,gDqm6J+#/O
誰か,だれか,누구,JLPT JLPT_3 JLPT_5 JLPT_N5,K{JPl*mB/&
誕生日,たんじょうび,생일,Genki Genki_Ln.5 JLPT JLPT_5 JLPT_N5,HV8#h@HniT
段々,だんだん,더욱더욱,JLPT JLPT_5 JLPT_N5,O8dRR}CL>
小さい,ちいさい,작다,Genki Genki_Ln.5 JLPT JLPT_5 JLPT_N5,LNu9:vy!G1
小さな,ちいさな,작다,JLPT JLPT_5 JLPT_N5,lc*~Cd~D@4
近い,ちかい,가깝다,Genki Genki_Ln.13 JLPT JLPT_5 JLPT_N5,"ttC.1]n,0|"
違う,ちがう,다르다,Genki Genki_Ln.23 Intermediate_Japanese Intermediate_Japanese_Ln.1 JLPT JLPT_5 JLPT_N5,N2Hj9)qK/l
近く,ちかく,근처,Intermediate_Japanese Intermediate_Japanese_Ln.1 JLPT JLPT_5 JLPT_N5,y)Y*_^+)&<
地下鉄,ちかてつ,지하철,Genki Genki_Ln.10 JLPT JLPT_5 JLPT_N5,MEsyrZ*cPc
地図,ちず,지도,Genki Genki_Ln.15 Intermediate_Japanese Intermediate_Japanese_Ln.12 JLPT JLPT_5 JLPT_N5,dhY*~Tx!fs
父,ちち,아버지,Genki Genki_Ln.7 JLPT JLPT_5 JLPT_N5,QKI#T(oT`t
茶色,ちゃいろ,갈색,JLPT JLPT_5 JLPT_N5,h<Se0W>cwB
茶碗,ちゃわん,밥그릇,JLPT JLPT_5 JLPT_N5,p6c8>jnMm!
～中,～ちゅう,중,JLPT JLPT_5 JLPT_N5,J]E)zcwU%w
丁度,ちょうど,똑,JLPT JLPT_5 JLPT_N5,K@fxH}$AC8
ちょっと,ちょっと,"살짝, 슬쩍",Genki Genki_Ln.3 JLPT JLPT_2 JLPT_5 JLPT_N5,j)OcO!#[%u
一日,ついたち,일일(1일); 하루,JLPT JLPT_5 JLPT_N5,qK&D4iveg
使う,つかう,사용하다,JLPT JLPT_5 JLPT_N5,B(Ve/L8[z5
疲れる,つかれる,피곤하다,Genki Genki_Ln.11 Intermediate_Japanese Intermediate_Japanese_Ln.10 JLPT JLPT_5 JLPT_N5,Oil7l6nt$n
次,つぎ,다음,Genki Genki_Ln.6 JLPT JLPT_5 JLPT_N5,IPls}w5_e-
着く,つく,도착하다,JLPT JLPT_3 JLPT_5 JLPT_N5,hc-pfPX>PQ
机,つくえ,책상,Genki Genki_Ln.4 Intermediate_Japanese Intermediate_Japanese_Ln.10 JLPT JLPT_5 JLPT_N5,G!9kEn9Y>c
作る,つくる,만들다,Genki Genki_Ln.8 JLPT JLPT_5 JLPT_N5,dlanfH_M#M
つける,つける,가져다 대다,JLPT JLPT_3 JLPT_4 JLPT_5 JLPT_N5,o}z*=/A8o~
勤める,つとめる,몸담다,JLPT JLPT_5 JLPT_N5,xKU$$gsQPF
つまらない,つまらない,"맹맹하다, 우습다",Genki Genki_Ln.5 JLPT JLPT_5 JLPT_N5,HL~a;+T`kY
冷たい,つめたい,"푸르다, 냉정하다",Genki Genki_Ln.10 JLPT JLPT_5 JLPT_N5,v8vDEW[6Rh
強い,つよい,"강하다, 세다",Genki Genki_Ln.17 Intermediate_Japanese Intermediate_Japanese_Ln.13 JLPT JLPT_5 JLPT_N5,d[wde~o@q(
手,て,손,JLPT JLPT_5 JLPT_N5,CAHcCP96BY
テープ,テープ,테이프,Genki Genki_Ln.2 JLPT JLPT_5 JLPT_N5,"H|,pBh(;BD"
テープレコーダー,テープレコーダー,녹음기,JLPT JLPT_5 JLPT_N5,izd^3[1~Pe
テーブル,テーブル,테이블,JLPT JLPT_5 JLPT_N5,n-.M5OZr5!
出かける,でかける,외출하다,Genki Genki_Ln.5 JLPT JLPT_5 JLPT_N5,Fx}b2N2gun
手紙,てがみ,편지,Genki Genki_Ln.4 JLPT JLPT_5 JLPT_N5,M#PC#!OTka
できる,できる,"~할 수 있다, 가능하다",JLPT JLPT_3 JLPT_4 JLPT_5 JLPT_N5,vB~NGv+*>H
出口,でぐち,출구,Intermediate_Japanese Intermediate_Japanese_Ln.7 JLPT JLPT_5 JLPT_N5,sv__368x5>
テスト,テスト,테스트,Genki Genki_Ln.5 JLPT JLPT_5 JLPT_N5,Lhy<!{J6SG
では,では,그럼,JLPT JLPT_3 JLPT_5 JLPT_N5,NY{|SsdlKz
デパート,デパート,백화점,Genki Genki_Ln.4 JLPT JLPT_5 JLPT_N5,rd.b%pP~B0
でも,でも,그런데,JLPT JLPT_3 JLPT_5 JLPT_N5,izQ~3T7Pp}
出る,でる,떠나다,JLPT JLPT_5 JLPT_N5,A23ctPX1n^
テレビ,テレビ,"텔레비전, TV",Genki Genki_Ln.3 JLPT JLPT_5 JLPT_N5,pQXZQB+G|d
天気,てんき,날씨,Genki Genki_Ln.5 JLPT JLPT_5 JLPT_N5,vm1l+4c[9
電気,でんき,전깃불,Genki Genki_Ln.6 JLPT JLPT_5 JLPT_N5,HsW5jIb;SC
電車,でんしゃ,전동차,Genki Genki_Ln.6 JLPT JLPT_5 JLPT_N5,e?+NxLTOv
電話,でんわ,전화,Genki Genki_Ln.1 JLPT JLPT_5 JLPT_N5,"Q,geq&8^pJ"
戸,と,"문, 문짝",JLPT JLPT_5 JLPT_N5,o.K?EMap~;
～度,～ど,"정도, 도",JLPT JLPT_1 JLPT_5 JLPT_N5,K9|0UgYaJ_
ドア,ドア,"문, 방문",JLPT JLPT_5 JLPT_N5,l[rk}4@PVD
トイレ,トイレ,화장실,Intermediate_Japanese Intermediate_Japanese_Ln.10 JLPT JLPT_5 JLPT_N5,hv_ThfFsjj
どう,どう,어이,JLPT JLPT_5 JLPT_N5,FZt/a?Mnu^
どうして,どうして,어찌,Genki Genki_Ln.4 JLPT JLPT_5 JLPT_N5,s<(2V@f6ff
どうぞ,どうぞ,부디,JLPT JLPT_5 JLPT_N5,CXiSJodxs@
動物,どうぶつ,동물,Intermediate_Japanese Intermediate_Japanese_Ln.10 JLPT JLPT_5 JLPT_N5,Q~mPY;2upw
どうも,どうも,어쩐지,Genki Genki_Ln.2 Intermediate_Japanese Intermediate_Japanese_Ln.1 JLPT JLPT_5 JLPT_N5,"Maz]_B`w,4"
十,(〜を) とお,"열, 십(10)",Genki Genki_Ln.9 JLPT JLPT_3 JLPT_5 JLPT_N5,BjWdBTc)9!
遠い,とおい,멀다,Genki Genki_Ln.21 JLPT JLPT_5 JLPT_N5,Jl9yYXnyJ<
十日,とおか,열흘,Genki Genki_Ln.13 JLPT JLPT_5 JLPT_N5,g[CNT&GA2[
～時,～とき,시간,JLPT JLPT_3 JLPT_5 JLPT_N5,bGLp[lZC.;
時々,ときどき,가끔가다,Genki Genki_Ln.3 JLPT JLPT_5 JLPT_N5,s+W64X?THZ
時計,とけい,시계,Genki Genki_Ln.2 Intermediate_Japanese Intermediate_Japanese_Ln.2 JLPT JLPT_5 JLPT_N5,u/fL<ne:Cb
どこ,どこ,어디,Genki Genki_Ln.2 JLPT JLPT_5 JLPT_N5,h_Fa6?Ps@9
所,ところ,처소,Genki Genki_Ln.8 Intermediate_Japanese Intermediate_Japanese_Ln.1 JLPT JLPT_5 JLPT_N5,J`^6YmuA-0
年,とし,나이,JLPT JLPT_3 JLPT_5 JLPT_N5,N=hcG9wG3;
図書館,としょかん,도서관,Genki Genki_Ln.2 Intermediate_Japanese Intermediate_Japanese_Ln.5 JLPT JLPT_5 JLPT_N5,mp0X0~7Y`^
どちら,どちら,어느 쪽,Genki Genki_Ln.10 Genki_Ln.19 JLPT JLPT_5 JLPT_N5,pW(ud@AhIx
どっち,どっち,어느 쪽,Genki Genki_Ln.10 JLPT JLPT_5 JLPT_N5,"PxI,t`JQ.N"
とても,とても,매우,Genki Genki_Ln.5 Intermediate_Japanese Intermediate_Japanese_Ln.1 JLPT JLPT_3 JLPT_5 JLPT_N5,t]2-1h#)V/
どなた,どなた,어느 분,JLPT JLPT_5 JLPT_N5,Ll)TbcW$yb
隣,となり,옆집,Intermediate_Japanese Intermediate_Japanese_Ln.1 JLPT JLPT_5 JLPT_N5,GigT2yQ[2E
どの,どの,어느,JLPT JLPT_5 JLPT_N5,H+g1ci<Mvc
飛ぶ,とぶ,날다,JLPT JLPT_5 JLPT_N5,wLF5gUV](>
止まる,とまる,서다,JLPT JLPT_5 JLPT_N5,Q+OrrzleWd
友達,ともだち,친구,Genki Genki_Ln.1 Intermediate_Japanese Intermediate_Japanese_Ln.1 JLPT JLPT_5 JLPT_N5,E)w$/p&I#O
土曜日,どようび,토요일,Genki Genki_Ln.3 JLPT JLPT_3 JLPT_5 JLPT_N5,Q%+.*M.E9m
鳥,とり,새,Intermediate_Japanese Intermediate_Japanese_Ln.6 JLPT JLPT_5 JLPT_N5,lc>;F##&%m
鶏肉,とりにく,닭고기,JLPT JLPT_5 JLPT_N5,dL<c9&FvJF
取る,とる,먹다,Genki Genki_Ln.11 Intermediate_Japanese Intermediate_Japanese_Ln.1 JLPT JLPT_5 JLPT_N5,bLpD3ABv2g
撮る,とる,박다,JLPT JLPT_5 JLPT_N5,w7O/i=vkEI
どれ,どれ,어느,Genki Genki_Ln.2 JLPT JLPT_3 JLPT_5 JLPT_N5,icGG-;4x}M
どんな,どんな,어떤,JLPT JLPT_3 JLPT_5 JLPT_N5,PZ~[>!hd8m
ない,ない,없다,JLPT JLPT_5 JLPT_N5,I08@<2+DPk
ナイフ,ナイフ,칼,JLPT JLPT_5 JLPT_N5,domhg)5M&Q
中,なか,속,JLPT JLPT_3 JLPT_5 JLPT_N5,rVjcK=lE15
長い,ながい,길다,Genki Genki_Ln.7 Intermediate_Japanese Intermediate_Japanese_Ln.4 JLPT JLPT_2 JLPT_5 JLPT_N5,EHO`14{d-(
鳴く,なく,울다,JLPT JLPT_5 JLPT_N5,"ivpv*G,Zm%"
無くす,なくす,잃어버리다,JLPT JLPT_3 JLPT_5 JLPT_N5,dteDI+R~`W
なぜ,なぜ,왜,Genki Genki_Ln.19 JLPT JLPT_5 JLPT_N5,Cvs*YiG5BD
夏,なつ,여름,Genki Genki_Ln.8 Intermediate_Japanese Intermediate_Japanese_Ln.4 JLPT JLPT_5 JLPT_N5,"P,[b8Eh|6R"
夏休み,なつやすみ,여름휴가,JLPT JLPT_5 JLPT_N5,D=cA)b0@~(
～など,～など,-까짓,JLPT JLPT_3 JLPT_5 JLPT_N5,"e(]O3py,;2"
七つ,ななつ,일곱,Genki Genki_Ln.9 JLPT JLPT_3 JLPT_5 JLPT_N5,G25u:w`9Xu
何,なん; なに,무엇((일정하지 않은 것을 가리키는 대명사)),Genki Genki_Ln.1 JLPT JLPT_3 JLPT_5 JLPT_N5,g<hW@mElnM
七日,なのか,이레,Genki Genki_Ln.13 JLPT JLPT_5 JLPT_N5,I|+G2AT>J]
名前,なまえ,이름,Genki Genki_Ln.1 JLPT JLPT_5 JLPT_N5,e6o_CEx8)b
習う,ならう,배우다,Genki Genki_Ln.11 JLPT JLPT_5 JLPT_N5,iV+xor)WZT
並ぶ,ならぶ,"서다, 늘어서다",Intermediate_Japanese Intermediate_Japanese_Ln.7 JLPT JLPT_5 JLPT_N5,nIHPO#>_}+
並べる,ならべる,"늘어놓다, 세우다",Intermediate_Japanese Intermediate_Japanese_Ln.15 JLPT JLPT_5 JLPT_N5,n!B94UfoT6
なる,なる,되다,Genki Genki_Ln.10 JLPT JLPT_3 JLPT_5 JLPT_N5,ukKTUxR2lk
何～,なん～,무엇((일정하지 않은 것을 가리키는 대명사)),JLPT JLPT_5 JLPT_N5,C!@pB0L*^>
二,に,"두, 이",JLPT JLPT_5 JLPT_N5,uzD!:&B)8|
にぎやか,にぎやか,"번화하다, 활기차다",JLPT JLPT_5 JLPT_N5,cIb<bg#^)L
肉,にく,고기,Genki Genki_Ln.2 JLPT JLPT_5 JLPT_N5,Go(gh2eIxK
西,にし,서쪽,JLPT JLPT_5 JLPT_N5,D!YA^58RBg
～日,～にち,"날, 하루; 일본의 약어",JLPT JLPT_5 JLPT_N5,DbJ@Azg05L
日曜日,にちようび,일요일,Genki Genki_Ln.3 JLPT JLPT_3 JLPT_5 JLPT_N5,XSi31p{-G
荷物,にもつ,짐,Genki Genki_Ln.6 Intermediate_Japanese Intermediate_Japanese_Ln.6 JLPT JLPT_5 JLPT_N5,MH72iI!<]q
ニュース,ニュース,뉴스,Genki Genki_Ln.17 JLPT JLPT_5 JLPT_N5,"iHtE.]1*,&"
庭,にわ,마당,Genki Genki_Ln.15 JLPT JLPT_5 JLPT_N5,f&>q3YTU?H
～人,～にん,인,JLPT JLPT_5 JLPT_N5,FNnJ8yNPin
脱ぐ,ぬぐ,벗다,Genki Genki_Ln.17 JLPT JLPT_5 JLPT_N5,cM_g)oAQIs
温い,ぬるい,미적지근하다,JLPT JLPT_3 JLPT_5 JLPT_N5,"gfQAF/k(q,"
ネクタイ,ネクタイ,넥타이,Genki Genki_Ln.14 JLPT JLPT_5 JLPT_N5,AQO{m&veen
猫,ねこ,고양이,Genki Genki_Ln.4 JLPT JLPT_5 JLPT_N5,x^.ijbc4Mz
寝る,ねる,잠자다,Genki Genki_Ln.3 Intermediate_Japanese Intermediate_Japanese_Ln.2 JLPT JLPT_5 JLPT_N5,PAI>}YTMT!
～年,～ねん,년,JLPT JLPT_5 JLPT_N5,"gYAXz}z6O,"
ノート,ノート,노트,Genki Genki_Ln.2 JLPT JLPT_5 JLPT_N5,Go~p$PSFcm
登る,のぼる,올라타다,JLPT JLPT_3 JLPT_5 JLPT_N5,unM=ha?S3d
飲み物,のみもの,"음료, 음료수",Genki Genki_Ln.5 JLPT JLPT_5 JLPT_N5,"k?X,84{EZ8"
飲む,のむ,마시다,JLPT JLPT_5 JLPT_N5,C;cf;f4#r6
乗る,のる,타다,JLPT JLPT_3 JLPT_5 JLPT_N5,J~ykS_Bo0m
歯,は,"치아, 살",Genki Genki_Ln.12 Intermediate_Japanese Intermediate_Japanese_Ln.12 JLPT JLPT_5 JLPT_N5,J1;2F+tdr`
パーティー,パーティー,파티,Genki Genki_Ln.8 JLPT JLPT_5 JLPT_N5,O}o_r|!syk
はい,はい,네,Genki Genki_Ln.1 JLPT JLPT_3 JLPT_5 JLPT_N5,Q.;:Q&Nmh}
～杯,～はい,잔(컵에 든 것을 세는 단위),JLPT JLPT_5 JLPT_N5,JTOz#Az0jW
灰皿,はいざら,재떨이,JLPT JLPT_5 JLPT_N5,mAdBNp<Jp$
入る,はいる,들어가다,JLPT JLPT_5 JLPT_N5,zZFQIc).TB
葉書,はがき,엽서,Genki Genki_Ln.5 JLPT JLPT_5 JLPT_N5,jer83m7P=.
はく,はく,토하다,Genki Genki_Ln.7 JLPT JLPT_3 JLPT_5 JLPT_N5,oRjJ`o{id)
箱,はこ,상자,JLPT JLPT_5 JLPT_N5,D@BX&%Fydt
橋,はし,다리,JLPT JLPT_3 JLPT_5 JLPT_N5,gMcz>SvPjQ
箸,はし,젓가락,Genki Genki_Ln.8 JLPT JLPT_3 JLPT_5 JLPT_N5,vlWz[4OAnE
始まる,はじまる,"기원하다, 비롯하다, 시작되다",Genki Genki_Ln.9 JLPT JLPT_5 JLPT_N5,g7#i$_:K%6
初め; 始め,はじめ,"처음, 시작",JLPT JLPT_3 JLPT_5 JLPT_N5,Po{k$4o=i}
初めて,はじめて,초행,Genki Genki_Ln.12 Intermediate_Japanese Intermediate_Japanese_Ln.1 JLPT JLPT_5 JLPT_N5,FM~Al0*F*3
走る,はしる,달리다,Genki Genki_Ln.22 Intermediate_Japanese Intermediate_Japanese_Ln.10 JLPT JLPT_5 JLPT_N5,"B)($ycG+,c"
バス,バス,"베이스, 더블 베이스",Genki Genki_Ln.5 Intermediate_Japanese Intermediate_Japanese_Ln.10 JLPT JLPT_1 JLPT_5 JLPT_N5,nF2zK|?mh~
バター,バター,버터,JLPT JLPT_5 JLPT_N5,bep_D~c3Ed
二十歳,はたち,스무 살,JLPT JLPT_3 JLPT_5 JLPT_N5,"s,}HT(8Tzb"
働く,はたらく,일하다,Genki Genki_Ln.11 Intermediate_Japanese Intermediate_Japanese_Ln.9 JLPT JLPT_5 JLPT_N5,fCkP4x.Nco
八,はち,"팔, 여덟",JLPT JLPT_5 JLPT_N5,maEI.lHT3>
二十日,はつか,"스무 날, 매월 20일",JLPT JLPT_5 JLPT_N5,mmn=3%}>}J
花,はな,꽃,JLPT JLPT_5 JLPT_N5,js_smr~4Ak
鼻,はな,코,JLPT JLPT_5 JLPT_N5,"Ft8Z7qnLG,"
話,はなし,"대화, 썰",Genki Genki_Ln.19 JLPT JLPT_5 JLPT_N5,A(<B}*ZSa_
話す,はなす,"얘기하다, 이야기하다",JLPT JLPT_3 JLPT_5 JLPT_N5,d]>`2&`x#1
母,はは,어머니,Genki Genki_Ln.14 JLPT JLPT_5 JLPT_N5,I?S_Xs1PT;
早い,はやい,빠르다,Genki Genki_Ln.3 JLPT JLPT_5 JLPT_N5,J6yYVxGFN*
速い,はやい,빠르다,Genki Genki_Ln.7 Intermediate_Japanese Intermediate_Japanese_Ln.4 JLPT JLPT_5 JLPT_N5,pfU@DZ;h3^
春,はる,봄,Genki Genki_Ln.10 Intermediate_Japanese Intermediate_Japanese_Ln.4 JLPT JLPT_3 JLPT_5 JLPT_N5,mlEwn=b[H<
貼る,はる,붙이다,Genki Genki_Ln.21 Intermediate_Japanese Intermediate_Japanese_Ln.3 JLPT JLPT_3 JLPT_5 JLPT_N5,zI5j%aDV0.
晴れ,はれ,맑은 (화창한) 날씨,Genki Genki_Ln.12 JLPT JLPT_5 JLPT_N5,nBD2D7_?kw
晴れる,はれる,맑다,Genki Genki_Ln.19 JLPT JLPT_5 JLPT_N5,ATM=j&::X;
半,はん,반,Genki Genki_Ln.1 JLPT JLPT_3 JLPT_5 JLPT_N5,s%lRHov]`n
晩,ばん,저녁,JLPT JLPT_3 JLPT_5 JLPT_N5,hO?dVEN`5B
～番,～ばん,~째(순번을 나타냄),JLPT JLPT_5 JLPT_N5,b/wgPDiVBg
パン,パン,빵,Genki Genki_Ln.4 JLPT JLPT_5 JLPT_N5,FI2Z[9I*9Q
ハンカチ,ハンカチ,손수건,JLPT JLPT_5 JLPT_N5,yU4LCXkUnv
番号,ばんごう,번호,Genki Genki_Ln.1 JLPT JLPT_5 JLPT_N5,c^xE))av$-
晩御飯,ばんごはん,석식,Genki Genki_Ln.3 JLPT JLPT_5 JLPT_N5,HihAr>C::*
半分,はんぶん,"반, 반쪽",JLPT JLPT_5 JLPT_N5,DN!/&cg9bL
東,ひがし,동쪽,JLPT JLPT_5 JLPT_N5,"pI3YEa2,3t"
～匹,～ひき,"마리, 수",JLPT JLPT_5 JLPT_N5,ivmKu+!yZ}
引く,ひく,당기다,JLPT JLPT_2 JLPT_3 JLPT_5 JLPT_N5,tVVM)ZI7wM
弾く,ひく,"치다, 켜다",Genki Genki_Ln.9 JLPT JLPT_3 JLPT_5 JLPT_N5,HK}b0#P-HS
低い,ひくい,낮다,JLPT JLPT_5 JLPT_N5,BBr{:lP!;x
飛行機,ひこうき,비행기,Genki Genki_Ln.5 Intermediate_Japanese Intermediate_Japanese_Ln.1 JLPT JLPT_5 JLPT_N5,OUQ4o:]Va=
左,ひだり,좌,JLPT JLPT_5 JLPT_N5,h_@t6d`1:*
人,ひと,사람,Genki Genki_Ln.4 JLPT JLPT_5 JLPT_N5,ya&#4:D}>{
一つ,ひとつ,하나,Genki Genki_Ln.9 JLPT JLPT_5 JLPT_N5,lMwiFE;gTW
一月,ひとつき,일월. (부록: 일본어 요일과 달),JLPT JLPT_5 JLPT_N5,JU.k{Nz*{h
一人,ひとり,하나,Genki Genki_Ln.7 JLPT JLPT_3 JLPT_5 JLPT_N5,rOUMQ8LZ5<
暇,ひま,여가,JLPT JLPT_5 JLPT_N5,urDxNZnrq<
百,ひゃく,백,JLPT JLPT_5 JLPT_N5,J;(UasY_=O
病院,びょういん,병원,Genki Genki_Ln.4 JLPT JLPT_5 JLPT_N5,<+#t;D=L-
病気,びょうき,질병,Genki Genki_Ln.9 Intermediate_Japanese Intermediate_Japanese_Ln.2 JLPT JLPT_5 JLPT_N5,Ibs3I0!xB|
平仮名,ひらがな,히라가나,JLPT JLPT_5 JLPT_N5,k}y1F@5e8u
昼,ひる,낮,JLPT JLPT_5 JLPT_N5,i8$:v@D8x1
昼御飯,ひるごはん,"점심, 점심 식사",Genki Genki_Ln.3 JLPT JLPT_5 JLPT_N5,JGK7M1P.PA
広い,ひろい,"너르다, 넉넉하다",Genki Genki_Ln.15 Intermediate_Japanese Intermediate_Japanese_Ln.15 JLPT JLPT_5 JLPT_N5,nThxsh#3~a
フィルム,フィルム,필름(롤),JLPT JLPT_5 JLPT_N5,w#JO*~D@<H
封筒,ふうとう,봉투,Intermediate_Japanese Intermediate_Japanese_Ln.3 JLPT JLPT_5 JLPT_N5,JaXU6BSc-h
プール,プール,풀,Genki Genki_Ln.15 JLPT JLPT_5 JLPT_N5,J.!iKtAY)1
フォーク,フォーク,포크,JLPT JLPT_5 JLPT_N5,Q#>HBX67;#
吹く,ふく,불다,Genki Genki_Ln.22 JLPT JLPT_3 JLPT_5 JLPT_N5,mo@qiT7%d3
服,ふく,옷가지,Genki Genki_Ln.12 JLPT JLPT_3 JLPT_5 JLPT_N5,G;N&<jI3Ep
二つ,ふたつ,"두, 두엇",Genki Genki_Ln.9 JLPT JLPT_5 JLPT_N5,A@M*oG}Fjm
豚肉,ぶたにく,돼지고기,JLPT JLPT_5 JLPT_N5,N1fM*9;kPY
二人,ふたり,"두명, 두 사람",Genki Genki_Ln.7 JLPT JLPT_5 JLPT_N5,yRF#3ntAGH
二日,ふつか,이틀,Genki Genki_Ln.13 JLPT JLPT_5 JLPT_N5,dRYcz7jSL;
太い,ふとい,"굵다, 굵다랗다",JLPT JLPT_5 JLPT_N5,LD`2@7dG9a
冬,ふゆ,겨울,Genki Genki_Ln.8 Intermediate_Japanese Intermediate_Japanese_Ln.4 JLPT JLPT_5 JLPT_N5,reZ;<Y^{LL
降る,ふる,내리다,Intermediate_Japanese Intermediate_Japanese_Ln.2 JLPT JLPT_3 JLPT_5 JLPT_N5,q(<}4NV?U@
古い,ふるい,오래되다,Genki Genki_Ln.5 JLPT JLPT_5 JLPT_N5,gH<g@fkLje
～分,～ふん,분,JLPT JLPT_5 JLPT_N5,chUnU+#xr]
文章,ぶんしょう,"텍스트, 글",JLPT JLPT_5 JLPT_N5,F&}@z14/*V
ページ,ページ,페이지,Genki Genki_Ln.6 JLPT JLPT_5 JLPT_N5,jR*]a[JBx$
下手,へた,하수,JLPT JLPT_5 JLPT_N5,zx]n<UpO/Q
ベッド,ベッド,침대,JLPT JLPT_5 JLPT_N5,mm(#F~5?W7
ペット,ペット,반려동물,Genki Genki_Ln.15 JLPT JLPT_3 JLPT_5 JLPT_N5,Gm:f8t8t/V
部屋,へや,방,Genki Genki_Ln.5 Intermediate_Japanese Intermediate_Japanese_Ln.2 JLPT JLPT_5 JLPT_N5,"cB,rGZ.;c."
辺,へん,가,JLPT JLPT_5 JLPT_N5,"v^uJ@o,r7C"
ペン,ペン,펜,Genki Genki_Ln.2 JLPT JLPT_5 JLPT_N5,PpbmxKp]%S
勉強,べんきょう (する),공부,JLPT JLPT_3 JLPT_5 JLPT_N5,P|N-mC4itp
便利,べんり,편리,JLPT JLPT_5 JLPT_N5,NSM1sxi#q3
帽子,ぼうし,모자,Genki Genki_Ln.2 JLPT JLPT_5 JLPT_N5,whud$h6Xsa
ボールペン,ボールペン,볼펜,JLPT JLPT_5 JLPT_N5,A1a57pRAi*
外,ほか,"바깥, 밖",JLPT JLPT_3 JLPT_5 JLPT_N5,q-Rsw+YG/*
ポケット,ポケット,"주머니, 호주머니",JLPT JLPT_5 JLPT_N5,PrdL>hhb^[
欲しい,ほしい,원하다,JLPT JLPT_5 JLPT_N5,"IB/)D,[pe$"
ポスト,ポスト,자리,JLPT JLPT_5 JLPT_N5,CSDW$^FNBN
細い,ほそい,가늘다,JLPT JLPT_5 JLPT_N5,zm=f9J*i)W
ボタン,ボタン,단추,JLPT JLPT_5 JLPT_N5,o=Cnvf:%>b
ホテル,ホテル,호텔,Genki Genki_Ln.4 JLPT JLPT_5 JLPT_N5,n#S=W;:k;`
本,ほん,책,Genki Genki_Ln.2 JLPT JLPT_5 JLPT_N5,PgM`&0<&bX
～本,～ほん,꿰미,JLPT JLPT_2 JLPT_5 JLPT_N5,Aln2n5Y6m$
本棚,ほんだな,책꽂이,JLPT JLPT_5 JLPT_N5,LlS7xyP)^9
本当,ほんとう,"사실, 진실, 정말임",JLPT JLPT_3 JLPT_5 JLPT_N5,mp{CGAM3}E
～枚,～まい,장(납작한 물건을 세는 단위),JLPT JLPT_5 JLPT_N5,eZ7Lx)q}m
毎朝,まいあさ,매일 아침,Genki Genki_Ln.19 JLPT JLPT_5 JLPT_N5,FY8YY]~jH+
毎月,まいげつ; まいつき,매달,JLPT JLPT_5 JLPT_N5,x6m6aNH)Wj
毎週,まいしゅう,매주,Genki Genki_Ln.8 JLPT JLPT_5 JLPT_N5,Lp7~a9~`1G
毎日,まいにち,매일,Genki Genki_Ln.3 JLPT JLPT_5 JLPT_N5,"b}uYG),?~1"
毎年,まいねん; まいとし,매년,JLPT JLPT_5 JLPT_N5,cLTCt({=p{
毎晩,まいばん,매일 저녁,Genki Genki_Ln.3 JLPT JLPT_5 JLPT_N5,s&rZqJP=be
前,まえ,앞,Genki Genki_Ln.17 JLPT JLPT_5 JLPT_N5,AcNx(A=]3O
～前,～まえ,앞,JLPT JLPT_5 JLPT_N5,Jh#_2I1KK<
曲る,まがる,"돌다, 구부러지다",JLPT JLPT_3 JLPT_5 JLPT_N5,fZb*Dqk8+n
まずい,まずい,맛없다,Genki Genki_Ln.23 JLPT JLPT_5 JLPT_N5,y=A8n$:VZF
また,また,"또, 다시, 재차, 거듭",Genki Genki_Ln.20 Intermediate_Japanese Intermediate_Japanese_Ln.5 JLPT JLPT_3 JLPT_5 JLPT_N5,H#sUyG^B<2
まだ,まだ,"아직(도), 여태까지, 계속, 지금껏",Genki Genki_Ln.19 JLPT JLPT_3 JLPT_5 JLPT_N5,xr/3DB/ghC
町,まち,"마을, 거리",Genki Genki_Ln.4 Intermediate_Japanese Intermediate_Japanese_Ln.1 JLPT JLPT_3 JLPT_5 JLPT_N5,xztbV5AMZZ
待つ,まつ,기다리다,JLPT JLPT_3 JLPT_5 JLPT_N5,N6<)T3m*1$
まっすぐ,まっすぐ,"곧, 곧장",JLPT JLPT_3 JLPT_5 JLPT_N5,o(%GCd@4cN
マッチ,マッチ,성냥,JLPT JLPT_5 JLPT_N5,r{cxPi6M{l
窓,まど,창문,Genki Genki_Ln.6 JLPT JLPT_5 JLPT_N5,dZZ^@1iCkq
丸い; 円い,まるい,"둥근, 원형",JLPT JLPT_3 JLPT_5 JLPT_N5,kXV&n*v-w~
万,まん,만,JLPT JLPT_5 JLPT_N5,k%8Ts^<^Df
万年筆,まんねんひつ,만년필,JLPT JLPT_5 JLPT_N5,pjtI#>[G;I
磨く,みがく,연마하다,Genki Genki_Ln.13 JLPT JLPT_5 JLPT_N5,f*XbBCL&y-
右,みぎ,오른쪽,JLPT JLPT_5 JLPT_N5,Dx]?1r0B)6
短い,みじかい,짧다,Genki Genki_Ln.7 Intermediate_Japanese Intermediate_Japanese_Ln.11 JLPT JLPT_5 JLPT_N5,CoDv|eMw1>
水,みず,물,Genki Genki_Ln.3 JLPT JLPT_5 JLPT_N5,Psad>Q=[fe
店,みせ,"가게, 상점",Genki Genki_Ln.13 Intermediate_Japanese Intermediate_Japanese_Ln.6 JLPT JLPT_5 JLPT_N5,w{yPQLxrpZ
見せる,みせる,보이다,Genki Genki_Ln.16 JLPT JLPT_5 JLPT_N5,u/XQDC4A&:
道,みち,길,Genki Genki_Ln.16 JLPT JLPT_5 JLPT_N5,g*1iadY2;L
三日,みっか,"사흘, 초사흘",Genki Genki_Ln.13 JLPT JLPT_5 JLPT_N5,"BQ,4DuKr8>"
三つ,みっつ,세 개; 셋,Genki Genki_Ln.9 JLPT JLPT_5 JLPT_N5,E%f95v%koQ
緑,みどり,"초록, 초록색",JLPT JLPT_5 JLPT_N5,d@$Uu~dQl-
皆さん,みなさん,여러분,Intermediate_Japanese Intermediate_Japanese_Ln.4 JLPT JLPT_5 JLPT_N5,xUxg44IBk/
南,みなみ,남쪽,Intermediate_Japanese Intermediate_Japanese_Ln.10 JLPT JLPT_5 JLPT_N5,tmB.Hd2Sk_
耳,みみ,귀,Intermediate_Japanese Intermediate_Japanese_Ln.5 JLPT JLPT_5 JLPT_N5,c2VG#0omOo
見る,みる,보다,JLPT JLPT_3 JLPT_5 JLPT_N5,LJ*9Zy3g--
みんな,みんな,모두,Genki Genki_Ln.9 JLPT JLPT_3 JLPT_5 JLPT_N5,NO(9_g@4E)
六日,むいか,"6일, 엿새",Genki Genki_Ln.13 JLPT JLPT_5 JLPT_N5,cT@R(=%:PY
向こう,むこう,너머,JLPT JLPT_5 JLPT_N5,mQG@k1[%|C
難しい,むずかしい,어렵다,Genki Genki_Ln.5 Intermediate_Japanese Intermediate_Japanese_Ln.2 JLPT JLPT_5 JLPT_N5,cp|.gBg]*Y
六つ,むっつ,여섯,Genki Genki_Ln.9 JLPT JLPT_5 JLPT_N5,",[k`qyR3)"
村,むら,"촌, 촌락",Intermediate_Japanese Intermediate_Japanese_Ln.10 JLPT JLPT_5 JLPT_N5,INP.Ccu#He
目,め,눈,Genki Genki_Ln.7 JLPT JLPT_3 JLPT_5 JLPT_N5,dhfW}%pIM+
メートル,メートル,미터,JLPT JLPT_5 JLPT_N5,BPMIO$2k{i
眼鏡,めがね,안경,Genki Genki_Ln.7 JLPT JLPT_5 JLPT_N5,OGc^3PJcd3
もう,もう,이미,Genki Genki_Ln.9 JLPT JLPT_2 JLPT_5 JLPT_N5,C9[8>(KXKL
木曜日,もくようび,목요일,Genki Genki_Ln.4 JLPT JLPT_3 JLPT_5 JLPT_N5,k#-z20ZxXI
もしもし,もしもし,여보세요,Genki Genki_Ln.4 JLPT JLPT_5 JLPT_N5,nnhl#WnLYa
持つ,もつ,들다,JLPT JLPT_5 JLPT_N5,A&O@O/^cS;
もっと,もっと,더,Genki Genki_Ln.11 JLPT JLPT_3 JLPT_5 JLPT_N5,OqdI=b3^K`
物,もの,"감, 거",Genki Genki_Ln.12 JLPT JLPT_3 JLPT_5 JLPT_N5,"z6=4|ALO,V"
門,もん,문,JLPT JLPT_5 JLPT_N5,H&[yCKRvgq
問題,もんだい,문제,Intermediate_Japanese Intermediate_Japanese_Ln.11 JLPT JLPT_5 JLPT_N5,Eh6&Bnk+Z%
～屋,～や,집,JLPT_N5,ht#2@^87+]
八百屋,やおや,채소 가게,JLPT JLPT_5 JLPT_N5,C[.TX0anRy
野菜,やさい,채소,Genki Genki_Ln.2 JLPT JLPT_5 JLPT_N5,qVg2VfFKQ;
易しい,やさしい,평이하다,JLPT JLPT_5 JLPT_N5,O&W|&R47Dm
安い,やすい,헐하다,Genki Genki_Ln.5 JLPT JLPT_5 JLPT_N5,ie=X%ZqpqO
休み,やすみ,휴일,Genki Genki_Ln.5 JLPT JLPT_5 JLPT_N5,J*/c5_R!J=
休む,やすむ,쉬다,JLPT JLPT_5 JLPT_N5,i~a&f>8]D[
八つ,やっつ,여덟,Genki Genki_Ln.9 JLPT JLPT_5 JLPT_N5,F=`<QfuMn*
山,やま,산,Genki Genki_Ln.11 JLPT JLPT_5 JLPT_N5,FM#``XMUDZ
やる,やる,하다; 주다,Genki Genki_Ln.21 JLPT JLPT_4 JLPT_5 JLPT_N5,"ee,Y5GOGX?"
夕方,ゆうがた,저녁나절,Genki Genki_Ln.18 Intermediate_Japanese Intermediate_Japanese_Ln.10 JLPT JLPT_5 JLPT_N5,wr(&N+9Gfn
夕飯,ゆうはん,"저녁, 저녁밥",JLPT JLPT_4 JLPT_5 JLPT_N5,x@-+;z#Bdx
郵便局,ゆうびんきょく,우체국,Genki Genki_Ln.2 JLPT JLPT_5 JLPT_N5,E9^vm]j#7*
昨夜,ゆうべ,어젯밤,JLPT JLPT_3 JLPT_5 JLPT_N5,h5wsUbx`&$
有名,ゆうめい,유명,JLPT JLPT_5 JLPT_N5,cV2lu-%dm7
雪,ゆき,눈,Genki Genki_Ln.12 JLPT JLPT_3 JLPT_5 JLPT_N5,jr0utv~KvB
ゆっくりと,ゆっくりと,"천천히, 편안하게",JLPT JLPT_5 JLPT_N5,w_ef65R9#}
八日,ようか,여드레,Genki Genki_Ln.13 JLPT JLPT_5 JLPT_N5,Fd}WQ7nZj^
洋服,ようふく,서양식 옷. (이 뜻으로 사용하기는 적음),JLPT JLPT_5 JLPT_N5,uv*)pIfBA|
よく,よく,잘,Genki Genki_Ln.14 Genki_Ln.3 JLPT JLPT_5 JLPT_N5,Fz[l>+!/Hl
横,よこ,"가로, 곁",Intermediate_Japanese Intermediate_Japanese_Ln.11 JLPT JLPT_5 JLPT_N5,C?K**~xaVS
四日,よっか,나흘,Genki Genki_Ln.13 JLPT JLPT_5 JLPT_N5,s(2D4IDk2]
四つ,よっつ,"넷, 네 개",Genki Genki_Ln.9 JLPT JLPT_2 JLPT_5 JLPT_N5,BL9b_E4!L$
呼ぶ,よぶ,칭하다,Genki Genki_Ln.19 JLPT JLPT_3 JLPT_5 JLPT_N5,zV4mur-%tO
読む,よむ,읽다,JLPT JLPT_5 JLPT_N5,G8F?CvYLz|
夜,よる,밤,Genki Genki_Ln.6 JLPT JLPT_3 JLPT_5 JLPT_N5,lj*phUSR[b
弱い,よわい,약하다,JLPT JLPT_5 JLPT_N5,x)3Ur1<az7
来月,らいげつ,"내달, 새달",Genki Genki_Ln.8 JLPT JLPT_5 JLPT_N5,O/Q*jP:8c|
来週,らいしゅう,내주,Genki Genki_Ln.6 JLPT JLPT_5 JLPT_N5,h}c~#8X!n;
来年,らいねん,내년,Genki Genki_Ln.6 JLPT JLPT_5 JLPT_N5,"mvNiHK,T4b"
ラジオ,ラジオ,라디오,Genki Genki_Ln.14 JLPT JLPT_5 JLPT_N5,wyqA~/nA@+
ラジオカセ,ラジオカセ,라디오 카세트 플레이어,JLPT JLPT_5 JLPT_N5,"eBPF6I+,&0"
りっぱ,りっぱ,훌륭하다,JLPT JLPT_3 JLPT_5 JLPT_N5,J%`%&)W1.O
留学生,りゅうがくせい,유학생,Genki Genki_Ln.1 JLPT JLPT_5 JLPT_N5,n89-KYTMQf
両親,りょうしん,부모,Genki Genki_Ln.14 Intermediate_Japanese Intermediate_Japanese_Ln.1 JLPT JLPT_5 JLPT_N5,L.[<hVhM?f
料理,りょうり,요리,Intermediate_Japanese Intermediate_Japanese_Ln.4 JLPT JLPT_5 JLPT_N5,G!~TK}MKdj
旅行,りょこう,여행,Genki Genki_Ln.5 JLPT JLPT_5 JLPT_N5,KmCEi1#qL@
零,れい,영,JLPT JLPT_3 JLPT_5 JLPT_N5,rc1t]Q^qI(
冷蔵庫,れいぞうこ,냉장고,Genki Genki_Ln.18 JLPT JLPT_5 JLPT_N5,j*=Z=Hk4*w
レコード,レコード,"레코드, 레코드판",JLPT JLPT_5 JLPT_N5,xn:3qV.c32
レストラン,レストラン,레스토랑,Genki Genki_Ln.4 JLPT JLPT_5 JLPT_N5,s3y4P[QtRd
練習,れんしゅう (する),연습,JLPT JLPT_5 JLPT_N5,KaUYN0c91a
廊下,ろうか,복도,JLPT JLPT_5 JLPT_N5,AsH$#BLZ{M
六,ろく,"여섯, 엿",JLPT JLPT_5 JLPT_N5,w>WY?cJ:VM
ワイシャツ,ワイシャツ,와이셔츠,JLPT JLPT_5 JLPT_N5,x|nJIKNm*T
若い,わかい,젊다,Genki Genki_Ln.9 Intermediate_Japanese Intermediate_Japanese_Ln.1 JLPT JLPT_5 JLPT_N5,xN9[eu+8aY
分かる,わかる,알다,JLPT JLPT_5 JLPT_N5,vF3#$3|-lu
忘れる,わすれる,잊다,Intermediate_Japanese Intermediate_Japanese_Ln.3 JLPT JLPT_5 JLPT_N5,HW)xrzU[Z4
私,わたし,"«1인칭 대명사» 나, 저; 나를 뜻하는 간사이 사투리",Genki Genki_Ln.1 JLPT JLPT_5 JLPT_N5,I+Y7lySy.4
私,わたくし,"«1인칭 대명사» 나, 저; 나를 뜻하는 간사이 사투리",Genki Genki_Ln.13 JLPT JLPT_2 JLPT_5 JLPT_N5,m!I5:hHt<W
渡す,わたす,"내주다, 건네주다",Intermediate_Japanese Intermediate_Japanese_Ln.6 JLPT JLPT_5 JLPT_N5,KvDHRUZ*r&
渡る,わたる,건너가다,JLPT JLPT_5 JLPT_N5,z9kLvI4/{d
悪い,わるい,"흉측하다, 나쁘다",Genki Genki_Ln.12 Intermediate_Japanese Intermediate_Japanese_Ln.3 JLPT JLPT_5 JLPT_N5,rxV$$v%QZ;
